Engine Temperature,Engine Temperature_Threshold,Engine Temperature_Exceeds_Threshold,Engine Temperature_Solution,Oil Quality,Oil Quality_Threshold,Oil Quality_Exceeds_Threshold,Oil Quality_Solution,Knock Sensor,Knock Sensor_Threshold,Knock Sensor_Exceeds_Threshold,Knock Sensor_Solution,Brake Pad Wear,Brake Pad Wear_Threshold,Brake Pad Wear_Exceeds_Threshold,Brake Pad Wear_Solution,Brake Temperature,Brake Temperature_Threshold,Brake Temperature_Exceeds_Threshold,Brake Temperature_Solution,Brake Vibration,Brake Vibration_Threshold,Brake Vibration_Exceeds_Threshold,Brake Vibration_Solution,Gear Torque,Gear Torque_Threshold,Gear Torque_Exceeds_Threshold,Gear Torque_Solution,Transmission Fluid Quality,Transmission Fluid Quality_Threshold,Transmission Fluid Quality_Exceeds_Threshold,Transmission Fluid Quality_Solution,Transmission Speed,Transmission Speed_Threshold,Transmission Speed_Exceeds_Threshold,Transmission Speed_Solution,Suspension Strain,Suspension Strain_Threshold,Suspension Strain_Exceeds_Threshold,Suspension Strain_Solution,Shock Absorber Acceleration,Shock Absorber Acceleration_Threshold,Shock Absorber Acceleration_Exceeds_Threshold,Shock Absorber Acceleration_Solution,Tire Pressure,Tire Pressure_Threshold,Tire Pressure_Exceeds_Threshold,Tire Pressure_Solution,Tire Tread Depth,Tire Tread Depth_Threshold,Tire Tread Depth_Exceeds_Threshold,Tire Tread Depth_Solution,Battery Voltage,Battery Voltage_Threshold,Battery Voltage_Exceeds_Threshold,Battery Voltage_Solution,Battery Current,Battery Current_Threshold,Battery Current_Exceeds_Threshold,Battery Current_Solution,Battery Temperature,Battery Temperature_Threshold,Battery Temperature_Exceeds_Threshold,Battery Temperature_Solution,Exhaust Pressure,Exhaust Pressure_Threshold,Exhaust Pressure_Exceeds_Threshold,Exhaust Pressure_Solution,Exhaust Gas Quality,Exhaust Gas Quality_Threshold,Exhaust Gas Quality_Exceeds_Threshold,Exhaust Gas Quality_Solution,Fuel Flow,Fuel Flow_Threshold,Fuel Flow_Exceeds_Threshold,Fuel Flow_Solution,Fuel Pressure,Fuel Pressure_Threshold,Fuel Pressure_Exceeds_Threshold,Fuel Pressure_Solution,Fuel Quality,Fuel Quality_Threshold,Fuel Quality_Exceeds_Threshold,Fuel Quality_Solution,Coolant Level,Coolant Level_Threshold,Coolant Level_Exceeds_Threshold,Coolant Level_Solution,Coolant Flow,Coolant Flow_Threshold,Coolant Flow_Exceeds_Threshold,Coolant Flow_Solution,Coolant Temperature,Coolant Temperature_Threshold,Coolant Temperature_Exceeds_Threshold,Coolant Temperature_Solution,Steering Torque,Steering Torque_Threshold,Steering Torque_Exceeds_Threshold,Steering Torque_Solution,Steering Fluid Level,Steering Fluid Level_Threshold,Steering Fluid Level_Exceeds_Threshold,Steering Fluid Level_Solution,Wire Current,Wire Current_Threshold,Wire Current_Exceeds_Threshold,Wire Current_Solution,Wire Voltage,Wire Voltage_Threshold,Wire Voltage_Exceeds_Threshold,Wire Voltage_Solution,Connector Temperature,Connector Temperature_Threshold,Connector Temperature_Exceeds_Threshold,Connector Temperature_Solution
94.96714153011233,110,False,,0.6584629257949586,0.6,False,,0.5715574720696567,1.0,False,,3.3420099781558554,8,False,,46.08358511808449,120,False,,0.24630887737658208,0.5,False,,165.13977233290703,200,False,,0.647727697948096,0.5,False,,1093.8283805975998,1200,False,,31.843366544364507,40,False,,0.4399355436586002,0.7,False,,33.996020219719306,25,False,,8.125224502647907,3,False,,12.165954773178475,11.0,False,,39.5308901731806,30,False,,33.89180538083319,45,False,,14.45131067668548,20,False,,0.33506300992735594,0.5,False,,69.50595342876504,50,False,,43.48477202255368,30,False,,0.7824821725025618,0.6,False,,1.0376409526097516,0.7,False,,25.41304432936023,15,False,,95.51947617722918,100,False,,8.556524893325493,15,False,,1.057061299721953,0.7,False,,3.123447293958126,8,False,,12.386808520689202,10,False,,30.91917258161252,50,False,
88.61735698828815,110,False,,0.7579354677234641,0.6,False,,0.6121569052736469,1.0,False,,3.879637919606061,8,False,,61.00937465569341,120,False,,0.29547083202350655,0.5,False,,131.5566935164475,200,False,,0.804900922583689,0.5,False,,948.3955271782626,1200,False,,28.033305938363196,40,False,,0.39246336829127687,0.7,False,,26.20748924361262,25,False,,7.570594458874747,3,False,,12.996021174768261,11.0,False,,55.36652752527286,30,False,,27.244071418357333,45,False,,19.124629257444553,20,False,,0.34891871301476635,0.5,False,,59.69669593092689,50,False,,38.33090255121995,30,False,,0.8355481329284482,0.6,False,,0.909794844564249,0.7,False,,19.427288624818104,15,False,,75.01939372685587,100,False,,10.353641744278796,15,False,,1.096818466053286,0.7,False,,5.619711445966137,8,False,,13.090980425185966,10,False,,43.46516831990248,50,False,
96.47688538100692,110,False,,0.7657285483473231,0.6,False,,0.7166102486350554,1.0,False,,6.494587210246523,8,False,,70.07865549577275,120,False,,0.13007162130904293,0.5,False,,167.3921184021132,200,False,,0.629565630945724,0.5,False,,1009.6120776940984,1200,False,,30.143724114674086,40,False,,0.3059630369920174,0.7,False,,36.17674940956145,25,False,,8.122297503032284,3,False,,12.412520121652296,11.0,False,,61.85704154662997,30,False,,25.909005582888465,45,False,,13.062107462626393,20,False,,0.363472146856177,0.5,False,,56.45796616544769,50,False,,45.86562318793321,30,False,,0.7707580079000038,0.6,False,,0.9130336918725306,0.7,False,,22.159273826444547,15,False,,81.16028728047648,100,False,,8.906639830825469,15,False,,0.9668691616816677,0.7,False,,4.364637611174371,8,False,,14.012270445700764,10,False,,31.749000122839536,50,False,
105.23029856408026,110,False,,0.7197722730778382,0.6,False,,0.7107604104069806,1.0,False,,6.22074053086693,8,False,,70.70470890647113,120,False,,0.22814846183452855,0.5,False,,177.11275717609902,200,False,,0.559153870363644,0.5,False,,953.7724711294958,1200,False,,36.39225931303649,40,False,,0.2353063222294426,0.7,False,,31.720820743689654,25,False,,8.543298029036388,3,False,,12.122127420253578,11.0,False,,57.18953310665067,30,False,,29.98312771294524,45,False,,12.602423980049238,20,False,,0.4109699841956223,0.5,False,,52.43142803693586,50,False,,41.84821096099047,30,False,,0.819203847036096,0.6,False,,1.112543478441477,0.7,False,,16.12018112638651,15,False,,87.50200206251695,100,False,,9.456689779347894,15,False,,0.9387763265492249,0.7,False,,3.8103333409096387,8,False,,13.023709546106982,10,False,,24.979727015789948,50,False,
87.65846625276664,110,False,,0.7838714288333991,0.6,False,,0.22446612640858177,1.0,False,,4.958196812071704,8,False,,63.249017927811344,120,False,,0.16746787154390866,0.5,False,,158.26869806447402,200,False,,0.5443370826476096,0.5,False,,956.5503772567685,1200,False,,30.955495340099517,40,False,,0.369822331361359,0.7,False,,34.216365633475036,25,False,,8.048860070325704,3,False,,12.768254921785202,11.0,False,,59.960476858058165,30,False,,29.149076887375358,45,False,,13.551769433453902,20,False,,0.34098186569285127,0.5,False,,50.98430161872027,50,False,,39.46348927997886,30,False,,0.6606385333046214,0.6,False,,0.8810588107132672,0.7,False,,17.130690869545973,15,False,,104.95667489783965,100,True,Inspect radiator and cooling system.,13.346904180597074,15,False,,0.8914849473442201,0.7,False,,4.375654610286776,8,False,,12.249308595641729,10,False,,29.522678764554634,50,False,
87.6586304305082,110,False,,0.8404050856814539,0.6,False,,0.31243499201697544,1.0,False,,5.234654766617564,8,False,,79.34274898521248,120,False,,0.1756437308117652,0.5,False,,187.53591625116132,200,False,,0.7606009951345639,0.5,False,,969.082787653136,1200,False,,30.232182740780743,40,False,,0.33934853854217495,0.7,False,,29.920188145748938,25,False,,8.040591691203883,3,False,,12.050766009104482,11.0,False,,42.43204911430539,30,False,,27.733859753363625,45,False,,12.140014175223863,20,False,,0.27587423453814575,0.5,False,,52.07932028497255,50,False,,42.23858462905139,30,False,,0.8713293707372939,0.6,False,,1.1642672953255964,0.7,False,,21.417218833641133,15,False,,116.09918556005361,100,True,Inspect radiator and cooling system.,12.680922103580695,15,False,,0.9174589470021045,0.7,False,,4.81547464234415,8,False,,13.045088474084753,10,False,,21.11876833266774,50,False,
105.79212815507391,110,False,,0.9886185901210531,0.6,False,,0.603007053441732,1.0,False,,7.55532979157685,8,False,,53.98569355926108,120,False,,0.17038030378805655,0.5,False,,134.52421601792855,200,False,,0.5719570647503717,0.5,False,,1022.2133771633713,1200,False,,23.200719295100406,40,False,,0.3895193220027732,0.7,False,,33.22554781012514,25,False,,7.298008312193245,3,False,,12.514090578684565,11.0,False,,35.78189333258156,30,False,,33.481937237283574,45,False,,15.368010947984386,20,False,,0.36725737012027315,0.5,False,,61.33563325505742,50,False,,32.145619239657506,30,False,,0.8501205475362223,0.6,False,,0.9099379265352131,0.7,False,,24.452348085607895,15,False,,91.06723059136183,100,False,,7.400837526144805,15,False,,1.2949094425308725,0.7,False,,4.395255335461787,8,False,,12.144887833096892,10,False,,29.597001253516197,50,False,
97.67434729152909,110,False,,0.8174577812831839,0.6,False,,0.6027571901824418,1.0,False,,3.8168572223283403,8,False,,67.8643077246806,120,False,,0.1568004615160092,0.5,False,,125.10690593377166,200,False,,0.8754794181984364,0.5,False,,952.1251378336523,1200,False,,33.731267830136105,40,False,,0.36351718016819695,0.7,False,,29.893168873652687,25,False,,7.337099082449052,3,False,,12.495440501677898,11.0,False,,65.01333651955487,30,False,,34.77652604285255,45,False,,19.87403537540868,20,False,,0.48998819348952155,0.5,False,,62.54362511614967,50,False,,34.36616265545097,30,False,,0.7682911368931808,0.6,False,,1.0638391925608384,0.7,False,,21.06684004635698,15,False,,83.16803381279612,100,False,,11.65946483575835,15,False,,1.1244679580736787,0.7,False,,2.794433942900931,8,False,,12.023903043284955,10,False,,25.834719714996208,50,False,
85.30525614065049,110,False,,0.8257550390722764,0.6,False,,0.6030095372612096,1.0,False,,6.094194762340075,8,False,,71.80443447567848,120,False,,0.20242608139724136,0.5,False,,114.42559502191443,200,False,,0.4918070592116277,0.5,True,Replace transmission fluid.,1125.575612557352,1200,False,,33.22742090570538,40,False,,0.4049552715319335,0.7,False,,30.75246207860839,25,False,,6.597394728200307,3,False,,13.042947782915789,11.0,False,,46.77320161157864,30,False,,30.442034431459238,45,False,,15.969237819348088,20,False,,0.28673662536174266,0.5,False,,52.094046489839336,50,False,,34.03037496800472,30,False,,0.9159245668432405,0.6,False,,0.9671381524251015,0.7,False,,19.060825908430537,15,False,,90.3450564848055,100,False,,11.622793108983185,15,False,,0.8648925633791978,0.7,False,,5.897066196887132,8,False,,11.648585764286267,10,False,,34.57695137780081,50,False,
95.42560043585965,110,False,,0.7925554084233833,0.6,False,,1.2705462981309443,1.0,True,Inspect engine timing and fuel quality.,4.595614695132212,8,False,,77.71658251088124,120,False,,0.15845249417944812,0.5,False,,179.92088622978366,200,False,,0.8696456368290038,0.5,False,,910.5392697780496,1200,False,,40.8162736165273,40,True,Inspect suspension components for wear.,0.2464764788439432,0.7,False,,35.82806270773357,25,False,,9.749576743186939,3,False,,12.737349116439976,11.0,False,,47.49166983544953,30,False,,37.38765040527631,45,False,,14.242939493621137,20,False,,0.20254706953293583,0.5,False,,64.47519157038057,50,False,,40.714715473818536,30,False,,0.9437570137626559,0.6,False,,1.0603187431082344,0.7,False,,19.997874216270063,15,False,,93.87655425873837,100,False,,7.703473422494763,15,False,,0.867754204325643,0.7,False,,6.274875041278722,8,False,,13.563413358832108,10,False,,27.252298627022327,50,False,
85.36582307187538,110,False,,0.6081228784700958,0.6,False,,0.6141781021386334,1.0,False,,4.56463759354556,8,False,,80.67422317133335,120,False,,0.21352284128899196,0.5,False,,163.08731312708116,200,False,,0.7211017467202618,0.5,False,,981.3128355838641,1200,False,,28.461108825234994,40,False,,0.43173940656343257,0.7,False,,31.618635198473307,25,False,,6.756136764608715,3,False,,12.487486520627428,11.0,False,,63.281941418490575,30,False,,24.291554429332475,45,False,,14.124566193253369,20,False,,0.41070806692869727,0.5,False,,57.5846947415828,50,False,,48.66257499742546,30,False,,0.6892440135631026,0.6,False,,0.9455885997885808,0.7,False,,16.248776798090848,15,False,,81.79332374442808,100,False,,11.637555287509722,15,False,,1.0481866061718492,0.7,False,,5.651521991339505,8,False,,11.181571334057999,10,False,,29.416170421023768,50,False,
85.34270246429743,110,False,,0.7973486124550784,0.6,False,,0.7271131280361198,1.0,False,,7.19755370397438,8,False,,53.13036862243196,120,False,,0.19748809452754315,0.5,False,,148.88830658179089,200,False,,0.6903286888129607,0.5,False,,956.0268941725825,1200,False,,31.095751638319694,40,False,,0.31975996046923993,0.7,False,,32.43486574635945,25,False,,7.307094802204093,3,False,,12.908883149600143,11.0,False,,55.5623000940066,30,False,,29.03170270360141,45,False,,10.31042757391003,20,False,,0.28796188360464015,0.5,False,,60.73396505992775,50,False,,51.15650073096316,30,False,,0.7737275221433786,0.6,False,,0.9837207093927706,0.7,False,,21.8135459790661,15,False,,102.95211355912322,100,True,Inspect radiator and cooling system.,13.075863836825105,15,False,,1.0547264797377967,0.7,False,,3.8623143295751836,8,False,,13.532367724678116,10,False,,26.822210792977984,50,False,
92.41962271566034,110,False,,0.8060230209941027,0.6,False,,0.6908003526986405,1.0,False,,6.6508326979760595,8,False,,46.98828743896567,120,False,,0.18805259765667953,0.5,False,,155.5993725263964,200,False,,0.645508091319105,0.5,False,,1144.6977884353732,1200,False,,31.246918418553776,40,False,,0.5075260872625266,0.7,False,,33.740135461377506,25,False,,7.281592734430802,3,False,,13.195103774508656,11.0,False,,54.55887772081608,30,False,,26.415888396985977,45,False,,17.64932933144148,20,False,,0.08273304539859636,0.5,False,,68.06110314127713,50,False,,43.19025550720379,30,False,,0.7730857650212701,0.6,False,,1.0040919175395722,0.7,False,,22.646999186970227,15,False,,87.30070759191402,100,False,,7.754910387511172,15,False,,1.0548883835317364,0.7,False,,4.798508466052482,8,False,,12.499864123740371,10,False,,38.69425675926666,50,False,
70.86719755342202,110,False,,1.0463242112485287,0.6,False,,0.6302782502611596,1.0,False,,6.627019272001277,8,False,,89.16515232847763,120,False,,0.15462181689792012,0.5,False,,127.49021905403247,200,False,,0.7399136114352071,0.5,False,,1019.6554776511574,1200,False,,37.887266398817374,40,False,,0.23108121819104321,0.7,False,,32.99136377594521,25,False,,8.894924376944441,3,False,,12.77890515317593,11.0,False,,71.65002344901083,30,False,,20.6673169146347,45,False,,14.766488408961594,20,False,,0.38474216771504216,0.5,False,,64.48419657932766,50,False,,42.50422237472228,30,False,,0.7560096898891135,0.6,False,,0.8997812544218527,0.7,False,,18.64372900150076,15,False,,89.97743089091394,100,False,,8.164994357971473,15,False,,0.9745044206446302,0.7,False,,4.993478684770542,8,False,,10.600693825198059,10,False,,28.39378616941044,50,False,
72.75082167486967,110,False,,0.7807639035218878,0.6,False,,0.43694615107193086,1.0,False,,7.610957614308658,8,False,,74.98471017969388,120,False,,0.17116143347158336,0.5,False,,198.91503959233654,200,False,,0.6962365297575152,0.5,False,,1103.1844539468634,1200,False,,29.523522338065238,40,False,,0.47359638031652496,0.7,False,,32.300837810287156,25,False,,7.705050321707972,3,False,,12.50517630992169,11.0,False,,43.564817696198574,30,False,,29.586596570786504,45,False,,14.458560259228124,20,False,,0.24646718140460772,0.5,False,,58.65734676047084,50,False,,30.994711329236303,30,False,,0.9329474841931749,0.6,False,,1.0740824345420126,0.7,False,,18.589873556721496,15,False,,91.65924252054461,100,False,,12.035322933687006,15,False,,0.9874545739997099,0.7,False,,5.598794389561911,8,False,,12.367649292991421,10,False,,39.16278521739601,50,False,
84.37712470759027,110,False,,0.8301547342333613,0.6,False,,0.6517938440986535,1.0,False,,5.042007683265518,8,False,,58.7727019516517,120,False,,0.23776956129128782,0.5,False,,152.58442363950456,200,False,,0.8103301882016521,0.5,False,,851.4439626963028,1200,False,,31.395107628851697,40,False,,0.31979107834626475,0.7,False,,32.72992200493245,25,False,,9.247742072673734,3,False,,11.84408188382492,11.0,False,,59.278401280812375,30,False,,29.39126245808358,45,False,,24.579322703534583,20,True,Check for exhaust blockages and leaks.,0.2909466717695839,0.5,False,,55.544038872923565,50,False,,37.286631001329894,30,False,,0.8306173861227196,0.6,False,,0.9486786433528415,0.7,False,,20.797634688956144,15,False,,89.21586610614456,100,False,,10.542990621651295,15,False,,1.0327879524159358,0.7,False,,5.668340488718081,8,False,,9.899973492348376,10,True,Check for voltage drops and power supply issues.,34.07075881059133,50,False,
79.87168879665576,110,False,,0.7965288230294757,0.6,False,,0.3454349570924856,1.0,False,,6.363905942589928,8,False,,93.26727963283784,120,False,,0.22504585938121904,0.5,False,,152.18789589209786,200,False,,0.7114227648662039,0.5,False,,1026.705026586926,1200,False,,33.0394825485827,40,False,,0.23485819963855514,0.7,False,,36.80683117047655,25,False,,7.326509375756132,3,False,,11.967443168462314,11.0,False,,50.570131248970846,30,False,,37.567248716210656,45,False,,15.89625872509706,20,False,,0.33319803305690143,0.5,False,,49.24092299335348,50,True,Inspect fuel pump and filter.,36.061081240458805,30,False,,0.8235485158689388,0.6,False,,0.9771400084659981,0.7,False,,18.689840791878215,15,False,,93.38940500469613,100,False,,11.102952550479046,15,False,,1.008589300629333,0.7,False,,4.265826201221504,8,False,,12.625508016831036,10,False,,32.41033363667693,50,False,
93.14247332595274,110,False,,0.6831321962380468,0.6,False,,0.45263627865199824,1.0,False,,4.379466486813088,8,False,,71.73511951439288,120,False,,0.15112223776007244,0.5,False,,164.51533247797383,200,False,,0.7150301761461877,0.5,False,,1088.9630795623436,1200,False,,30.93304561578179,40,False,,0.2516114165945678,0.7,False,,31.88476240593283,25,False,,8.278994162223801,3,False,,12.347387647822666,11.0,False,,52.68592278863257,30,False,,33.154058422773886,45,False,,12.744626849714447,20,False,,0.31904996797790663,0.5,False,,56.4042334037879,50,False,,36.89576200874442,30,False,,0.6496137635593247,0.6,False,,0.9005650625391488,0.7,False,,19.801602156122534,15,False,,78.82746813453076,100,False,,10.681178432800994,15,False,,0.7780699627252465,0.7,False,,5.081995556413561,8,False,,12.88523148298899,10,False,,31.8436657365876,50,False,
80.91975924478788,110,False,,0.9142822814515021,0.6,False,,0.4029272904341793,1.0,False,,5.648332704976884,8,False,,87.6894577609574,120,False,,0.20496661527146132,0.5,False,,159.62018463473427,200,False,,0.6636387787786143,0.5,False,,1008.2283989275425,1200,False,,27.767831927247357,40,False,,0.26796526918056796,0.7,False,,32.40219809342994,25,False,,7.164652946740243,3,False,,12.195243898920358,11.0,False,,65.28468426412532,30,False,,24.879065878353977,45,False,,13.72092721138337,20,False,,0.37094518171390395,0.5,False,,58.94434880586153,50,False,,39.15928090707605,30,False,,0.9135418030209226,0.6,False,,0.743766634120469,0.7,False,,26.299165367499548,15,False,,79.4169824605397,100,False,,10.781391841856289,15,False,,0.9770200369424806,0.7,False,,5.457280404615241,8,False,,11.407644044347947,10,False,,31.968986491081257,50,False,
75.87696298664709,110,False,,0.8751933032686775,0.6,False,,0.5163748278772645,1.0,False,,4.739713891264631,8,False,,71.01277722115164,120,False,,0.23756935616858946,0.5,False,,154.47768048558262,200,False,,0.6943054376278932,0.5,False,,1106.5480375065351,1200,False,,30.97044996449154,40,False,,0.34241659464019164,0.7,False,,34.101308792015224,25,False,,10.145149127773388,3,False,,12.406514348507278,11.0,False,,55.07835756289624,30,False,,39.27046283167094,45,False,,18.445337127590264,20,False,,0.2564513629430156,0.5,False,,55.06410236424408,50,False,,37.63954711151436,30,False,,0.7260741605146527,0.6,False,,0.9808972237399831,0.7,False,,19.25892289776201,15,False,,73.99845767028305,100,False,,7.347055743377834,15,False,,0.9148593565739687,0.7,False,,6.4558223221467665,8,False,,12.123547695955581,10,False,,20.36163710327195,50,False,
104.65648768921554,110,False,,0.8791031947043048,0.6,False,,0.9629317133347017,1.0,False,,5.193991929985437,8,False,,100.91121887322981,120,False,,0.11652973594393141,0.5,False,,134.19051089109377,200,False,,0.7307801768892058,0.5,False,,948.2711549899627,1200,False,,35.36815874929886,40,False,,0.35228354880354995,0.7,False,,34.21105186591597,25,False,,6.812401580970487,3,False,,12.528324962448554,11.0,False,,55.38296079049633,30,False,,36.10516847762676,45,False,,15.339811231613293,20,False,,0.35131057981760827,0.5,False,,59.34371516453847,50,False,,30.10350094812106,30,False,,0.8559932630266328,0.6,False,,1.2412615421612916,0.7,False,,18.924979543936335,15,False,,89.39501230620226,100,False,,12.094635413242896,15,False,,1.0175211418908512,0.7,False,,5.704506539824723,8,False,,13.954157433750286,10,False,,28.60558302924622,50,False,
87.74223699513465,110,False,,0.7090612545205262,0.6,False,,0.12654696148165034,1.0,False,,6.190314050873827,8,False,,96.33011263664807,120,False,,0.22716800961899677,0.5,False,,159.4293671427199,200,False,,0.5289831607343374,0.5,False,,1140.934744018558,1200,False,,24.8674235029447,40,False,,0.2426299996061421,0.7,False,,34.37406061112076,25,False,,8.309820710227028,3,False,,12.764846377178365,11.0,False,,60.72507337309802,30,False,,32.910488517343076,45,False,,10.6851660650479,20,False,,0.27404533224160826,0.5,False,,60.38425941479384,50,False,,43.73955128058767,30,False,,0.8777376937958191,0.6,False,,1.0784604287898023,0.7,False,,18.05737458309452,15,False,,92.78936503512114,100,False,,12.339179984855548,15,False,,1.298525900260341,0.7,False,,5.789056687375519,8,False,,11.494253295738064,10,False,,34.225789855921604,50,False,
90.67528204687923,110,False,,0.94027943109361,0.6,False,,0.6372520380749027,1.0,False,,3.3635586335330547,8,False,,66.2655377728139,120,False,,0.16686881205270768,0.5,False,,187.6404899295007,200,False,,0.5651814577894286,0.5,False,,1229.8898123619251,1200,True,Inspect transmission for slippage.,30.66484837073438,40,False,,0.2975645407739017,0.7,False,,33.27746044405837,25,False,,8.633776880932098,3,False,,12.464750610970455,11.0,False,,46.350472704571146,30,False,,28.86757950575084,45,False,,17.757686803725612,20,False,,0.3738810480887503,0.5,False,,58.875720090959604,50,False,,34.636284871300965,30,False,,0.9860658595838651,0.6,False,,0.9980739620265605,0.7,False,,22.23257591449981,15,False,,89.57772866151886,100,False,,9.541218511863944,15,False,,1.0367481665474305,0.7,False,,5.083826627929361,8,False,,10.9410924129434,10,False,,29.75551408262947,50,False,
75.75251813786544,110,False,,0.659814893720772,0.6,False,,0.17745682576206967,1.0,False,,9.184774551370921,8,True,Replace brake pads.,84.57356426431534,120,False,,0.228529933429658,0.5,False,,176.90840092309955,200,False,,0.7743264094022715,0.5,False,,963.7161439560341,1200,False,,26.499395925304135,40,False,,0.5142270358611863,0.7,False,,29.713990174539035,25,False,,8.413799097451498,3,False,,12.7432508219131,11.0,False,,41.607903326609936,30,False,,25.202803816382602,45,False,,12.995567743383019,20,False,,0.36153674840130534,0.5,False,,56.7499870958827,50,False,,41.196234320555746,30,False,,0.7191179600880888,0.6,False,,0.9737109170791732,0.7,False,,19.456327480345692,15,False,,101.74492433347538,100,True,Inspect radiator and cooling system.,9.913046100372275,15,False,,0.9686470313827602,0.7,False,,6.410459145203504,8,False,,13.4816634024626,10,False,,22.974050765982124,50,False,
84.55617275474818,110,False,,0.8586857093800271,0.6,False,,0.40561362684211333,1.0,False,,2.987965237000596,8,False,,79.68063924377721,120,False,,0.16183704217287417,0.5,False,,181.86373253278794,200,False,,0.7170865438127941,0.5,False,,955.4497478599228,1200,False,,35.97523314462421,40,False,,0.47275431701007115,0.7,False,,35.26686306460219,25,False,,7.814712341122291,3,False,,12.53223720740506,11.0,False,,39.55190805978967,30,False,,28.138966119644735,45,False,,20.619893328652637,20,True,Check for exhaust blockages and leaks.,0.20645612979554046,0.5,False,,60.84327335983364,50,False,,50.370413348749864,30,False,,0.5480487844179174,0.6,True,Refuel with high-quality fuel.,1.0022465892812047,0.7,False,,18.05188088503572,15,False,,84.94403981170953,100,False,,6.937784994888556,15,False,,1.0921801501977253,0.7,False,,5.409762795959497,8,False,,13.962587190530794,10,False,,29.73797774711265,50,False,
91.10922589709867,110,False,,1.019045562580998,0.6,False,,0.7177901193934733,1.0,False,,2.5716227744245357,8,False,,90.52947336298523,120,False,,0.10975589496677406,0.5,False,,139.7756864713763,200,False,,0.6816016663647321,0.5,False,,1145.3384477117702,1200,False,,22.384065476081126,40,False,,0.3436323669674032,0.7,False,,29.707309213962624,25,False,,7.870179300266574,3,False,,11.512266716823063,11.0,False,,30.33643410623998,30,False,,35.443743098520926,45,False,,18.240144197143945,20,False,,0.4085982116175032,0.5,False,,62.209703247847045,50,False,,35.403077042067885,30,False,,0.8683849544753695,0.6,False,,1.054711911517521,0.7,False,,23.963912096819037,15,False,,91.68741655592513,100,False,,11.02850951203567,15,False,,1.0482687887209212,0.7,False,,4.138912089826429,8,False,,12.003695671847847,10,False,,38.520527581277456,50,False,
78.49006422577698,110,False,,0.7009463674869312,0.6,False,,0.5128560038190926,1.0,False,,7.316221747000135,8,False,,55.52614809129843,120,False,,0.11862287810584188,0.5,False,,130.2079035948284,200,False,,0.7018433933065392,0.5,False,,1157.9572145730713,1200,False,,27.205390763642058,40,False,,0.30380034781682,0.7,False,,32.60527093047806,25,False,,8.04381147197911,3,False,,12.030332303090622,11.0,False,,70.56207129940321,30,False,,39.42293152967304,45,False,,13.658034313023746,20,False,,0.2464036554885952,0.5,False,,54.54800461278577,50,False,,27.348562386268352,30,True,Check fuel pump and pressure regulator.,1.0300511181510854,0.6,False,,0.8819187184691155,0.7,False,,24.258809013540912,15,False,,74.08299123860685,100,False,,11.144114883428289,15,False,,1.042009449045184,0.7,False,,6.4033699701251905,8,False,,13.011463035408356,10,False,,36.2344585776736,50,False,
93.75698018345672,110,False,,0.7433702270397229,0.6,False,,0.28445104441413877,1.0,False,,6.583325387925871,8,False,,80.29077189997659,120,False,,0.2024042473330691,0.5,False,,147.48426159800704,200,False,,0.7347581705361671,0.5,False,,947.7139972846732,1200,False,,31.886059375322603,40,False,,0.3120031326718261,0.7,False,,30.491448299961284,25,False,,7.852997998371511,3,False,,12.427956222139192,11.0,False,,38.96791634278317,30,False,,37.71621764136094,45,False,,18.843049085205337,20,False,,0.3808057798281145,0.5,False,,67.05466189873135,50,False,,38.569978890599444,30,False,,0.9738946352939437,0.6,False,,1.1114321694668872,0.7,False,,18.198729302783885,15,False,,81.12900297525599,100,False,,9.875617966001379,15,False,,1.060685059321567,0.7,False,,5.697903272539028,8,False,,13.34147591553088,10,False,,29.689979953169843,50,False,
83.99361310081196,110,False,,0.8099651365087641,0.6,False,,0.3569392581480063,1.0,False,,6.24823963410431,8,False,,85.87636730274382,120,False,,0.21298612508607412,0.5,False,,151.1144982457739,200,False,,0.6460240319690638,0.5,False,,957.9813182904143,1200,False,,37.827620146171704,40,False,,0.3613517972730417,0.7,False,,31.871723306814015,25,False,,8.96387911679491,3,False,,11.895152628579446,11.0,False,,47.78746376414228,30,False,,27.55575289106863,45,False,,15.20356653158221,20,False,,0.33672873134013404,0.5,False,,59.50705933857869,50,False,,45.50479817499286,30,False,,0.8709659415274625,0.6,False,,1.0715381315441244,0.7,False,,14.400380145918152,15,True,Check water pump and coolant system.,91.95537757565778,100,False,,12.248706719741005,15,False,,1.2056543564829543,0.7,False,,4.5569559788715175,8,False,,11.257515767461616,10,False,,34.75724638529043,50,False,
87.08306250206724,110,False,,0.7496524345883802,0.6,False,,0.6359195497869352,1.0,False,,6.25669101852856,8,False,,43.618907703653285,120,False,,0.15478416874477957,0.5,False,,171.88383036941897,200,False,,0.6221695274597687,0.5,False,,971.8215391139493,1200,False,,29.67124869463506,40,False,,0.19772074348015944,0.7,False,,32.65752482060696,25,False,,10.210523001591351,3,False,,12.799964364998102,11.0,False,,47.23186700111079,30,False,,24.401912833554945,45,False,,17.55832102536666,20,False,,0.48381836767951225,0.5,False,,60.09424811472424,50,False,,49.79173727110297,30,False,,0.8008363814367953,0.6,False,,1.0718185725707934,0.7,False,,23.022541069510766,15,False,,93.49102110743144,100,False,,9.331845538040119,15,False,,0.8869111564674084,0.7,False,,4.520507032600757,8,False,,11.514694164632132,10,False,,28.16746489815974,50,False,
83.98293387770603,110,False,,0.6449336568933868,0.6,False,,0.35392667365657265,1.0,False,,4.975506454306171,8,False,,52.25112231001337,120,False,,0.2319296229388687,0.5,False,,116.15070740570361,200,False,,0.7195845255097681,0.5,False,,865.5549488965723,1200,False,,27.22400236653401,40,False,,0.2742623462576655,0.7,False,,32.64271443090055,25,False,,7.442508214992166,3,False,,13.26537541617185,11.0,False,,53.07406697809101,30,False,,30.70443123455602,45,False,,16.454198451883425,20,False,,0.2776534017628148,0.5,False,,63.541072116282784,50,False,,33.85225202773792,30,False,,0.9307122596637311,0.6,False,,1.0438475738809727,0.7,False,,17.946110522719987,15,False,,82.06033052335818,100,False,,11.1292118517872,15,False,,1.0473632076811454,0.7,False,,5.296575545140762,8,False,,13.230874513154735,10,False,,21.480642065866405,50,False,
108.52278184508938,110,False,,0.8068562974806027,0.6,False,,0.543291717916395,1.0,False,,3.2054912570283367,8,False,,39.411517333598496,120,False,,0.11692399688655201,0.5,False,,180.59100638921228,200,False,,0.6021627222384968,0.5,False,,908.1348053515802,1200,False,,39.40578534720295,40,False,,0.13314159261224104,0.7,False,,32.84384150847057,25,False,,6.630197020420923,3,False,,13.109380925848658,11.0,False,,58.15737212539297,30,False,,21.157803172185744,45,False,,12.46093003502738,20,False,,0.26506832038818023,0.5,False,,61.16608065631751,50,False,,42.48349611618261,30,False,,0.7526453800295532,0.6,False,,1.001961665769399,0.7,False,,22.371876797488305,15,False,,84.28400748141934,100,False,,7.960671322615768,15,False,,0.9073618870018462,0.7,False,,5.463184795267585,8,False,,13.68501427870851,10,False,,25.377670059352226,50,False,
89.86502775262066,110,False,,0.6937696286273896,0.6,False,,0.5091143679807627,1.0,False,,5.151609116387453,8,False,,65.95889748333164,120,False,,0.19669601006763418,0.5,False,,146.8398420284202,200,False,,0.7408252755714472,0.5,False,,899.5859233247932,1200,False,,22.75993049791878,40,False,,0.33992231226052794,0.7,False,,35.227422538117295,25,False,,7.911717951648745,3,False,,12.393278564534896,11.0,False,,58.60473488359745,30,False,,31.615838570923906,45,False,,13.069350503047614,20,False,,0.2980580394112267,0.5,False,,64.76568316956623,50,False,,37.67344771609973,30,False,,0.8976357769356219,0.6,False,,1.067286123596682,0.7,False,,14.089688546864494,15,True,Check water pump and coolant system.,69.82126253319191,100,False,,9.952895698251524,15,False,,1.0555512646342249,0.7,False,,5.197292265631207,8,False,,12.562880860174355,10,False,,37.81444384254099,50,False,
79.422890710441,110,False,,0.8473592430635182,0.6,False,,0.36967993047883657,1.0,False,,3.6456765769757764,8,False,,80.76313383693943,120,False,,0.13944919001187717,0.5,False,,141.4623786010516,200,False,,0.5297416395762159,0.5,False,,923.2202434895871,1200,False,,19.00597021689959,40,False,,0.3647195939702741,0.7,False,,32.90706860302796,25,False,,10.579709337654318,3,False,,13.245363068424975,11.0,False,,44.16922561431062,30,False,,29.261987068506656,45,False,,18.089882452743485,20,False,,0.26968202171657246,0.5,False,,61.43562082600912,50,False,,39.470258228479324,30,False,,0.9005470159166626,0.6,False,,1.0591814133741377,0.7,False,,22.67779201489793,15,False,,81.42970799193391,100,False,,9.651291484194328,15,False,,0.9081313488513906,0.7,False,,5.311308673442885,8,False,,11.120185646497946,10,False,,28.63003459085348,50,False,
98.22544912103189,110,False,,0.7080575765766197,0.6,False,,0.9287888178650652,1.0,False,,6.9502394668355025,8,False,,92.53535578144042,120,False,,0.16740819460989204,0.5,False,,129.75791249479664,200,False,,0.8029155637325643,0.5,False,,996.5315112613218,1200,False,,32.200072250266665,40,False,,0.25168135377006257,0.7,False,,31.511686729418702,25,False,,7.196325432030269,3,False,,12.574333728601056,11.0,False,,48.32878286213589,30,False,,27.66981749065879,45,False,,13.995674003680378,20,False,,0.379994190194205,0.5,False,,56.93781312679781,50,False,,53.221716735085174,30,False,,0.956020990749888,0.6,False,,0.9645959289058976,0.7,False,,16.36648421215766,15,False,,93.90383163519786,100,False,,10.450615844081883,15,False,,0.9582633186394915,0.7,False,,6.69995737457638,8,False,,13.987061111699441,10,False,,28.78308010312491,50,False,
77.79156350028978,110,False,,0.9549934405017539,0.6,False,,0.6267838044636023,1.0,False,,4.705885236995723,8,False,,71.11142170629662,120,False,,0.20236993356582073,0.5,False,,116.90286656268461,200,False,,0.7472597482413043,0.5,False,,1023.421473253652,1200,False,,27.489728878236946,40,False,,0.4573986763290033,0.7,False,,33.92817433657672,25,False,,9.639116805444068,3,False,,12.33145701444098,11.0,False,,52.825799504882994,30,False,,22.02648466366602,45,False,,13.78905461027401,20,False,,0.1383689391563412,0.5,False,,61.80751762603051,50,False,,32.48514835802423,30,False,,1.1259660038911077,0.6,False,,0.9426398227103099,0.7,False,,22.192292357199573,15,False,,90.75205016106567,100,False,,9.260946142333284,15,False,,0.9704910085762094,0.7,False,,6.071543152234886,8,False,,11.469029102188035,10,False,,28.500809018625596,50,False,
92.08863595004756,110,False,,0.7216746707663764,0.6,False,,0.09497148266847855,1.0,False,,3.349005606414977,8,False,,94.42923318356938,120,False,,0.1569793317358024,0.5,False,,166.46341167923828,200,False,,0.7256029734313876,0.5,False,,1155.0500492814076,1200,False,,24.893835914346433,40,False,,0.17742343369976588,0.7,False,,34.37894097784928,25,False,,9.677700814076442,3,False,,12.19329866822953,11.0,False,,47.51308873816453,30,False,,32.568000532848586,45,False,,12.134632261951941,20,False,,0.1946317580853646,0.5,False,,54.28136896339669,50,False,,41.26869830747287,30,False,,0.8892415967178767,0.6,False,,1.0101856295261986,0.7,False,,20.042819203509303,15,False,,90.00665721381209,100,False,,9.737054808656664,15,False,,1.0975816719344709,0.7,False,,5.190635591265024,8,False,,11.664862218828548,10,False,,39.52068294786503,50,False,
70.40329876120225,110,False,,0.7677938483794324,0.6,False,,0.5372908629538855,1.0,False,,4.357228316694013,8,False,,49.29847812677663,120,False,,0.18077222278850874,0.5,False,,151.4663593437681,200,False,,0.7982690983945513,0.5,False,,900.1645959261209,1200,False,,33.541782236496765,40,False,,0.15356251197901796,0.7,False,,29.544784369726017,25,False,,7.4464117582920055,3,False,,12.348765156755936,11.0,False,,66.07345576019992,30,False,,27.336495801690443,45,False,,16.270797196780382,20,False,,0.19321970784208067,0.5,False,,60.542798528882614,50,False,,42.33846585882716,30,False,,0.7991036374292501,0.6,False,,1.1549020151495188,0.7,False,,17.138181741810065,15,False,,85.49773687180961,100,False,,11.652094342883013,15,False,,1.0918454443942414,0.7,False,,5.9413105807674835,8,False,,12.342337834489621,10,False,,38.12979457681031,50,False,
76.71813951101569,110,False,,0.8813517217369671,0.6,False,,0.3676427070463224,1.0,False,,5.825862908551248,8,False,,44.44926340967268,120,False,,0.25031464046072205,0.5,False,,124.20078200517892,200,False,,0.8665474444462576,0.5,False,,1098.4322398476584,1200,False,,31.219003568855996,40,False,,0.3224451818559972,0.7,False,,33.194800139699716,25,False,,8.568983079185275,3,False,,12.305911590729385,11.0,False,,54.90974951638251,30,False,,24.15041582144856,45,False,,21.187574757729436,20,True,Check for exhaust blockages and leaks.,0.3950307591973576,0.5,False,,59.8338500467777,50,False,,45.42893162469674,30,False,,0.8474425687808005,0.6,False,,0.8760892924346099,0.7,False,,18.77889106121966,15,False,,85.07063158628176,100,False,,9.126471525523565,15,False,,0.8754282623553615,0.7,False,,3.9674760964724607,8,False,,13.554160420714775,10,False,,41.09390116724067,50,False,
91.96861235869123,110,False,,0.6769135683566045,0.6,False,,0.6704866669592449,1.0,False,,3.8725508943920506,8,False,,69.16678451655072,120,False,,0.17115540652384256,0.5,False,,124.09842455872769,200,False,,0.801437006501813,0.5,False,,978.6011155774491,1200,False,,27.179606846316357,40,False,,0.40470983026121543,0.7,False,,33.4023454846218,25,False,,9.628396623128538,3,False,,12.585208111187743,11.0,False,,57.348777860498174,30,False,,15.638688933591753,45,False,,11.797401257237182,20,False,,0.47106133725819255,0.5,False,,58.9594157136373,50,False,,40.489915767354475,30,False,,0.6730924095110882,0.6,False,,0.8532474734247559,0.7,False,,22.058955370870102,15,False,,78.39678860526553,100,False,,6.786845798522641,15,False,,1.005493411099985,0.7,False,,5.397927049946809,8,False,,12.853975976552224,10,False,,29.204773947999744,50,False,
97.3846657999541,110,False,,0.822745993460413,0.6,False,,0.34149585231345986,1.0,False,,3.3555592088671373,8,False,,75.76098173408961,120,False,,0.2417846056032571,0.5,False,,143.28430601419743,200,False,,0.5159125768668354,0.5,False,,995.0536290347567,1200,False,,23.59847800664553,40,False,,0.46839276914578687,0.7,False,,31.404872993280016,25,False,,7.620872259012513,3,False,,12.580286990524932,11.0,False,,56.628812686674124,30,False,,29.862425474746818,45,False,,15.072658370018274,20,False,,0.28955507814625286,0.5,False,,59.357312442805345,50,False,,41.540252697520515,30,False,,0.7805286868910941,0.6,False,,1.0164760841236518,0.7,False,,20.317683359345704,15,False,,91.98828420202534,100,False,,13.499167808410842,15,False,,0.9290420145250827,0.7,False,,6.80930634973311,8,False,,12.41486550036191,10,False,,31.478122443735476,50,False,
91.7136828118997,110,False,,0.9307142754282429,0.6,False,,0.4770527117066202,1.0,False,,5.487374422983825,8,False,,69.5095787785886,120,False,,0.1435146572671191,0.5,False,,183.38043050578784,200,False,,0.5720423033264298,0.5,False,,1067.4819492166603,1200,False,,34.36228664140072,40,False,,0.254111573713106,0.7,False,,34.75141362662324,25,False,,7.796419639897638,3,False,,12.501523010076708,11.0,False,,61.73473857485325,30,False,,38.86125798334872,45,False,,19.236661666246288,20,False,,0.2831178276809989,0.5,False,,50.5907547725118,50,False,,38.041757162891045,30,False,,0.8090717561886895,0.6,False,,1.0050887701856017,0.7,False,,21.753238941417454,15,False,,89.20972944389389,100,False,,12.762908157380974,15,False,,0.8741495089324666,0.7,False,,4.781954104607626,8,False,,12.463288530118106,10,False,,22.416787252896043,50,False,
88.8435171761176,110,False,,0.6392516765438773,0.6,False,,0.6009974557960914,1.0,False,,5.4899331422174455,8,False,,38.98836849940185,120,False,,0.22649020889576416,0.5,False,,144.8081729727279,200,False,,0.6375181422304321,0.5,False,,887.7277978437701,1200,False,,33.251005889793305,40,False,,0.4078680833431296,0.7,False,,31.699888825934945,25,False,,7.418319086051357,3,False,,12.718469084873174,11.0,False,,51.81021558703707,30,False,,38.30629607273935,45,False,,14.761075826262855,20,False,,0.3070052163113181,0.5,False,,57.25637546129519,50,False,,41.34563470622554,30,False,,0.7975911602065408,0.6,False,,1.0173341664370408,0.7,False,,25.929321753546457,15,False,,89.92018847992799,100,False,,7.415474609788763,15,False,,0.9782982949575629,0.7,False,,4.152366071380915,8,False,,12.043514668643466,10,False,,37.38467213059137,50,False,
86.98896304410711,110,False,,0.8184633858532304,0.6,False,,0.6731510388340243,1.0,False,,3.9861136492577405,8,False,,68.66319940730817,120,False,,0.27207843103289503,0.5,False,,119.93714093763788,200,False,,0.7026091050210833,0.5,False,,1038.240974618405,1200,False,,29.504120681103085,40,False,,0.2961491530499293,0.7,False,,32.251152906943084,25,False,,6.985243269307134,3,False,,13.095323137393171,11.0,False,,37.03168052044153,30,False,,27.714518717068643,45,False,,16.3571153887492,20,False,,0.41618783026081907,0.5,False,,60.46422450570557,50,False,,38.284038622512945,30,False,,0.8652354872033722,0.6,False,,1.02439531979085,0.7,False,,15.307275164866846,15,False,,79.7396515733242,100,False,,11.379415610490389,15,False,,0.969151721154418,0.7,False,,4.3479111114069395,8,False,,12.558139514518507,10,False,,24.161102243660324,50,False,
75.21478009632573,110,False,,0.8259882794248424,0.6,False,,0.2599407185888447,1.0,False,,4.057923388763355,8,False,,50.43295749242721,120,False,,0.07641777499363554,0.5,False,,145.08513871828112,200,False,,0.7517659020469123,0.5,False,,1016.6452208213057,1200,False,,39.23318498023833,40,False,,0.28273727000591803,0.7,False,,31.65385635143226,25,False,,7.350722454933993,3,False,,12.974777067720662,11.0,False,,53.996879517526416,30,False,,26.988939698191096,45,False,,11.81281941555936,20,False,,0.20726468658094258,0.5,False,,60.799281959987,50,False,,43.107859449280255,30,False,,0.76775800676178,0.6,False,,0.9776797745365194,0.7,False,,24.85163772490587,15,False,,63.46657080128756,100,False,,8.994050458897314,15,False,,1.2426716486345524,0.7,False,,3.9103669626576116,8,False,,9.470439922305697,10,True,Check for voltage drops and power supply issues.,31.083877818813146,50,False,
82.80155791605291,110,False,,0.8781822871777311,0.6,False,,0.43309975283181035,1.0,False,,5.464099874715273,8,False,,80.04508823245058,120,False,,0.16015523722647618,0.5,False,,144.5455286050466,200,False,,0.6274256186846534,0.5,False,,1049.245126400815,1200,False,,24.649576168369236,40,False,,0.3883659937486672,0.7,False,,32.03115809516294,25,False,,6.7760597332377435,3,False,,11.757551015775048,11.0,False,,43.48643106208171,30,False,,32.34387128037512,45,False,,16.284921291622947,20,False,,0.3238368982734785,0.5,False,,54.861624295370206,50,False,,38.15194831978183,30,False,,0.9621030667324472,0.6,False,,1.1489863438602081,0.7,False,,20.31306781256964,15,False,,95.97152711753695,100,False,,10.526974430662118,15,False,,1.0432959825360697,0.7,False,,4.215238091872297,8,False,,11.703392540930201,10,False,,24.51348736183578,50,False,
85.39361229040213,110,False,,0.6763049289121918,0.6,False,,0.4050109377678088,1.0,False,,2.1038313170053518,8,False,,75.49897369145272,120,False,,0.22885360635902702,0.5,False,,96.06226714116858,200,False,,0.7186766764477078,0.5,False,,1028.9168643907817,1200,False,,22.372374145376305,40,False,,0.365232287841342,0.7,False,,29.807449826209595,25,False,,8.034083468259226,3,False,,11.223039432549022,11.0,False,,44.713833182502434,30,False,,25.008072804058543,45,False,,14.438567204986354,20,False,,0.397519762978243,0.5,False,,66.3285392043235,50,False,,41.88550196951093,30,False,,0.8500207064918197,0.6,False,,0.8399096021523484,0.7,False,,17.303647855030615,15,False,,80.21162543991596,100,False,,10.588448258026988,15,False,,0.8622382499245762,0.7,False,,4.629491901409971,8,False,,12.241321934916781,10,False,,27.05566586630652,50,False,
100.57122226218915,110,False,,0.6679543386915724,0.6,False,,0.3693341534852576,1.0,False,,2.1850724512468895,8,False,,55.90180320508967,120,False,,0.18984773069785038,0.5,False,,148.91410266964377,200,False,,0.6244617067646677,0.5,False,,1245.5300139910894,1200,True,Inspect transmission for slippage.,26.540459650593778,40,False,,0.14236078430157503,0.7,False,,29.119898234811412,25,False,,7.230026768941358,3,False,,12.967159955619637,11.0,False,,55.863640187550935,30,False,,31.50895949909733,45,False,,17.957189987039587,20,False,,0.3501094169939845,0.5,False,,55.66912575892749,50,False,,39.85368593157511,30,False,,0.8490699678861385,0.6,False,,0.9171502975219754,0.7,False,,16.00905912278303,15,False,,76.37224235956879,100,False,,9.531184399367357,15,False,,0.9435225995829057,0.7,False,,3.5944329808213578,8,False,,10.848985916380492,10,False,,25.8136878447515,50,False,
93.43618289568461,110,False,,0.8521941565616898,0.6,False,,0.8530908480562194,1.0,False,,3.563111557495128,8,False,,62.2919962399496,120,False,,0.21855729366856547,0.5,False,,145.38130939582643,200,False,,0.6388482197008052,0.5,False,,936.2260015748684,1200,False,,29.77206991822251,40,False,,0.4476540349725896,0.7,False,,35.18901012644994,25,False,,8.233785911790747,3,False,,11.81656065079229,11.0,False,,62.38283071433636,30,False,,33.83040139192345,45,False,,18.562158154694252,20,False,,0.31895816165987434,0.5,False,,64.84728600263368,50,False,,45.63025125386084,30,False,,0.8172105283487082,0.6,False,,0.9896745239850953,0.7,False,,19.4326388276689,15,False,,91.93478911913994,100,False,,8.432468668827207,15,False,,1.1021383295429399,0.7,False,,5.015618333949603,8,False,,12.38632331781156,10,False,,26.96062369662091,50,False,
72.36959844637266,110,False,,0.8296984673233186,0.6,False,,0.5809963421921911,1.0,False,,4.573105696576306,8,False,,54.11179717166573,120,False,,0.16980074066420897,0.5,False,,163.92412729626835,200,False,,0.5593338903151777,0.5,False,,946.9003044998183,1200,False,,31.21669724661346,40,False,,0.4380091354147452,0.7,False,,30.306077303363345,25,False,,6.444104353796373,3,False,,12.387617299053659,11.0,False,,50.21271576736061,30,False,,36.13466611942154,45,False,,22.76869092605584,20,True,Check for exhaust blockages and leaks.,0.4001046092567141,0.5,False,,62.13597180935842,50,False,,39.743031382057566,30,False,,0.8655190683858979,0.6,False,,0.8356811188845833,0.7,False,,22.764950335773378,15,False,,81.07987360080871,100,False,,8.618917895367481,15,False,,1.2088442772869925,0.7,False,,5.902277173786647,8,False,,11.795528779013878,10,False,,27.304386484255108,50,False,
93.24083969394795,110,False,,0.8250492850345877,0.6,False,,0.24782320913299094,1.0,False,,5.621815131196009,8,False,,69.05981354090243,120,False,,0.204329489373645,0.5,False,,186.9791218989069,200,False,,0.6076766753889096,0.5,False,,937.6859473575236,1200,False,,28.79381971071835,40,False,,0.23744372984904705,0.7,False,,30.017215301087386,25,False,,8.330880232214458,3,False,,11.914943486970321,11.0,False,,53.088330125989636,30,False,,29.499229617600236,45,False,,16.738899519640725,20,False,,0.029676770700076238,0.5,False,,56.768863450780984,50,False,,31.134837658965594,30,False,,0.9325098264667635,0.6,False,,0.9824145595567929,0.7,False,,19.6173526388674,15,False,,95.59936384046622,100,False,,8.167616169037515,15,False,,0.8414016687762041,0.7,False,,4.0922438198530795,8,False,,13.75547569831549,10,False,,27.258656025374613,50,False,
86.14917719583684,110,False,,0.8346448209496976,0.6,False,,0.6835723894109552,1.0,False,,7.950712433899104,8,False,,84.32713480751858,120,False,,0.19221613823039604,0.5,False,,172.53130059095514,200,False,,0.5648315394383666,0.5,False,,944.4522880839745,1200,False,,31.760276982571483,40,False,,0.3395803533437409,0.7,False,,27.69321977279257,25,False,,8.833528961608925,3,False,,11.59900978120999,11.0,False,,67.02214944635239,30,False,,28.98163124911517,45,False,,15.9773889497465,20,False,,0.3677875319530908,0.5,False,,68.87655446304755,50,False,,46.30960750356996,30,False,,0.7632869784289099,0.6,False,,1.1661470165728018,0.7,False,,24.533464790742045,15,False,,91.17005949576698,100,False,,8.33635558353911,15,False,,0.8120075614860955,0.7,False,,6.519283923641769,8,False,,13.573019725214856,10,False,,34.16666955890153,50,False,
83.23077999694041,110,False,,0.731997527842151,0.6,False,,0.9244312394025267,1.0,False,,6.7153192464040385,8,False,,55.21410930496684,120,False,,0.2583891030829904,0.5,False,,144.6222261889034,200,False,,0.6024126747022667,0.5,False,,936.2612872693483,1200,False,,23.74230287904778,40,False,,0.3494030186282739,0.7,False,,30.722076504620997,25,False,,6.006264357428544,3,False,,12.770731364102394,11.0,False,,52.407531794885685,30,False,,25.610087066217194,45,False,,15.583152904732009,20,False,,0.2345924316872576,0.5,False,,54.0318158412176,50,False,,35.47133849568691,30,False,,0.7841883510924743,0.6,False,,1.0020886488295961,0.7,False,,15.646472929845324,15,False,,91.83569323200477,100,False,,9.86564341990129,15,False,,1.1870965175371782,0.7,False,,5.5107920885275945,8,False,,11.534194430881836,10,False,,24.4756860346874,50,False,
96.11676288840867,110,False,,0.8232253697161004,0.6,False,,0.7064930521102294,1.0,False,,4.680122940073145,8,False,,77.56069773276766,120,False,,0.21272104216506066,0.5,False,,127.86948182516659,200,False,,0.8053641796607839,0.5,False,,1118.9016531107552,1200,False,,37.2188230203663,40,False,,0.3260673765823907,0.7,False,,29.353820413185005,25,False,,8.374056569847571,3,False,,12.879577580151324,11.0,False,,76.01683114180395,30,False,,25.8655982298007,45,False,,13.940501121567936,20,False,,0.11693671031435429,0.5,False,,64.59577086805001,50,False,,36.731168306755904,30,False,,0.8196273971223336,0.6,False,,1.0230700905718684,0.7,False,,19.963733156461835,15,False,,71.34044288799466,100,False,,8.568480021778496,15,False,,1.0389614177370903,0.7,False,,6.030580585624057,8,False,,11.849162288433305,10,False,,31.102707135069334,50,False,
100.30999522495951,110,False,,0.8293072473298682,0.6,False,,0.19612600680919728,1.0,False,,4.961967584194622,8,False,,62.04613572441339,120,False,,0.21688013310376011,0.5,False,,201.4671960649972,200,True,Check transmission fluid and gear alignment.,0.6050601111168057,0.5,False,,1142.0504247989854,1200,False,,29.589244108037157,40,False,,0.24496948461545798,0.7,False,,35.28403032027274,25,False,,9.227668992473292,3,False,,12.21174479963664,11.0,False,,55.65509645631544,30,False,,28.867605540492367,45,False,,16.01545153038507,20,False,,0.35112025995249807,0.5,False,,65.0029115902149,50,False,,37.02169352978254,30,False,,0.7154129076526785,0.6,False,,0.873983523482742,0.7,False,,16.242819666760642,15,False,,97.11943985386401,100,False,,11.36410413142524,15,False,,0.9131707268123633,0.7,False,,4.342165446147863,8,False,,11.926052434391607,10,False,,36.089795761527796,50,False,
99.31280119116198,110,False,,0.7285648581973633,0.6,False,,0.4031531854267497,1.0,False,,2.9949412707243823,8,False,,58.10690751606484,120,False,,0.17940615169387664,0.5,False,,151.18436868028977,200,False,,0.963238206483739,0.5,False,,942.9253706250523,1200,False,,35.58647915794064,40,False,,0.2328376632061948,0.7,False,,34.019634178685266,25,False,,6.790358981308795,3,False,,11.204478853927546,11.0,False,,32.39237240844182,30,False,,31.83682753408089,45,False,,14.11379576958291,20,False,,0.4373658545162957,0.5,False,,56.64689895461677,50,False,,46.87219046585409,30,False,,0.7680742140278503,0.6,False,,0.9383638591960523,0.7,False,,21.090895647874902,15,False,,87.61250531233856,100,False,,12.974492310671854,15,False,,1.0534629086122436,0.7,False,,5.854525227066616,8,False,,11.548340523840377,10,False,,27.43401817743302,50,False,
81.60782476777362,110,False,,0.9865774511144757,0.6,False,,0.7533822298373245,1.0,False,,4.96297372801522,8,False,,68.39454460068163,120,False,,0.17561968879637532,0.5,False,,150.27858583825892,200,False,,0.7493317900880889,0.5,False,,916.7644426895771,1200,False,,31.71362673188852,40,False,,0.29744459290085545,0.7,False,,30.623699309644554,25,False,,9.672572386837704,3,False,,12.226877775873758,11.0,False,,57.53341621104533,30,False,,34.567923131166246,45,False,,15.505382928808842,20,False,,0.2862551485372308,0.5,False,,66.96232650032164,50,False,,29.32162893010652,30,True,Check fuel pump and pressure regulator.,0.802377912645534,0.6,False,,0.9624803619676063,0.7,False,,22.6606621702919,15,False,,81.30722860753797,100,False,,8.839893517259913,15,False,,0.7364252260983122,0.7,False,,3.908066099604687,8,False,,12.195024984028127,10,False,,26.41040554626199,50,False,
86.90787624148786,110,False,,0.8473832920911788,0.6,False,,0.3584661068762438,1.0,False,,4.422682722159723,8,False,,54.47136516370939,120,False,,0.17837209060901896,0.5,False,,149.51749825779993,200,False,,0.7184836123694873,0.5,False,,1047.1415556386405,1200,False,,32.28376609576892,40,False,,0.41727290192593647,0.7,False,,36.50487161068862,25,False,,8.419019009366044,3,False,,12.695902002701274,11.0,False,,53.81158384882778,30,False,,25.984105246598276,45,False,,18.952792606823877,20,False,,0.39528745472029386,0.5,False,,58.74976742700524,50,False,,55.688742668299966,30,False,,0.9374389180712728,0.6,False,,0.9682284903243766,0.7,False,,18.73771461895684,15,False,,86.43388467342251,100,False,,10.478809001070754,15,False,,1.000337550659716,0.7,False,,5.890247500836509,8,False,,11.24171793111241,10,False,,28.847376874098746,50,False,
93.31263431403563,110,False,,0.6808696502797351,0.6,False,,0.5887638856292456,1.0,False,,5.645437120676179,8,False,,61.69526041979227,120,False,,0.21972260711891486,0.5,False,,153.9616952153571,200,False,,0.6141642219818786,0.5,False,,944.7776955719029,1200,False,,32.84883640116102,40,False,,0.35436001545944323,0.7,False,,33.96353097398319,25,False,,7.294988144241591,3,False,,11.760544215612935,11.0,False,,62.897527540827454,30,False,,37.46344284479761,45,False,,11.980372304161076,20,False,,0.46122782579886457,0.5,False,,61.44346814639928,50,False,,45.28028404533026,30,False,,0.8762561329001924,0.6,False,,1.1281643795003768,0.7,False,,12.187358430118596,15,True,Check water pump and coolant system.,67.2376476710168,100,False,,10.999370220605869,15,False,,1.0327821172843086,0.7,False,,5.171839339793531,8,False,,10.869384665062473,10,False,,35.89862604180355,50,False,
99.75545127122359,110,False,,0.865655360863383,0.6,False,,0.6549268106858673,1.0,False,,3.345538112895354,8,False,,52.03183161116728,120,False,,0.17895077595898687,0.5,False,,147.11279176152115,200,False,,0.7700309879408991,0.5,False,,1063.2931817755511,1200,False,,32.23854280008658,40,False,,0.2629385667913894,0.7,False,,31.350337232982756,25,False,,7.944230922342294,3,False,,12.591679959889579,11.0,False,,56.73181351269958,30,False,,28.644381994787157,45,False,,18.419635683387135,20,False,,0.4314914453584047,0.5,False,,61.3016091938561,50,False,,41.116194570645796,30,False,,0.8693589911367544,0.6,False,,1.0557691060725125,0.7,False,,20.596844440389482,15,False,,89.08652811480671,100,False,,10.944004541838549,15,False,,1.092427013953783,0.7,False,,5.553251219984784,8,False,,12.622711223900268,10,False,,30.97053815476679,50,False,
85.2082576215471,110,False,,0.7025318329772678,0.6,False,,0.3146139056843834,1.0,False,,6.038693028482345,8,False,,99.47087699374583,120,False,,0.21448874284482067,0.5,False,,138.52675986239527,200,False,,0.6424362173762226,0.5,False,,1020.29230208513,1200,False,,33.21361379933772,40,False,,0.37716987106483446,0.7,False,,27.001188570252854,25,False,,8.558326912521723,3,False,,12.492345075413501,11.0,False,,48.615440160162265,30,False,,29.89316352825782,45,False,,18.951345202019596,20,False,,0.4639964529371393,0.5,False,,59.32845629264726,50,False,,39.72552999691857,30,False,,0.9350897962167972,0.6,False,,0.8888542043062968,0.7,False,,21.31021565520053,15,False,,74.70628491817928,100,False,,10.151910535832174,15,False,,0.8986104047707462,0.7,False,,3.824405394375148,8,False,,12.62952958422181,10,False,,27.343928526962006,50,False,
88.14341023336183,110,False,,0.8787084603742452,0.6,False,,0.48809492878764,1.0,False,,8.065477826005155,8,True,Replace brake pads.,70.52895327957593,120,False,,0.303770039932272,0.5,False,,139.06282117519217,200,False,,0.7122009814645361,0.5,False,,848.4255885002768,1200,False,,36.64576265066216,40,False,,0.01514573793699242,0.7,False,,36.58188514518148,25,False,,8.076005391412412,3,False,,12.789645749800544,11.0,False,,37.757017637106344,30,False,,26.263941604260882,45,False,,14.645794419026764,20,False,,0.3742127491071892,0.5,False,,64.05404136579891,50,False,,41.427770374288286,30,False,,0.8362628211600603,0.6,False,,1.0246504778432004,0.7,False,,21.212884264885094,15,False,,71.47329714156466,100,False,,11.485364836719445,15,False,,1.0085687161403358,0.7,False,,4.104930157723396,8,False,,11.195684240340007,10,False,,32.4193832559402,50,False,
78.93665025993971,110,False,,0.9158595579007405,0.6,False,,-0.14825346801381456,1.0,False,,4.782479703086285,8,False,,59.50411738011122,120,False,,0.24355623517158465,0.5,False,,149.34493459568003,200,False,,0.9560084538268794,0.5,False,,1154.7505201330061,1200,False,,30.98260584850735,40,False,,0.41487657003721035,0.7,False,,29.220855066472808,25,False,,8.538755992446369,3,False,,12.559790184207076,11.0,False,,47.90976742713975,30,False,,17.878798698635293,45,False,,8.634435302974216,20,False,,0.3075433638901593,0.5,False,,63.967443602761065,50,False,,42.60561214189669,30,False,,0.889046484992889,0.6,False,,1.0498221748496785,0.7,False,,23.707346575466463,15,False,,69.7764081378211,100,False,,10.964497905361315,15,False,,0.9074575373940412,0.7,False,,5.597228218253385,8,False,,12.8953554307626,10,False,,24.488539250817883,50,False,
78.0379337591933,110,False,,0.717931768164829,0.6,False,,0.295122471733142,1.0,False,,5.8034234441978825,8,False,,73.20969866101333,120,False,,0.18369882339160795,0.5,False,,139.1315045773247,200,False,,0.690394010027535,0.5,False,,1179.5877673095522,1200,False,,33.54501878794256,40,False,,0.12602862212219001,0.7,False,,28.709202506086218,25,False,,7.079326406920634,3,False,,12.013465529559221,11.0,False,,41.494795457907,30,False,,34.42022698180525,45,False,,13.176534038716703,20,False,,0.13980341881028313,0.5,False,,51.257340133809095,50,False,,43.22607792975028,30,False,,0.8396778247067503,0.6,False,,1.1140149038521265,0.7,False,,16.786838961052855,15,False,,96.12688374989925,100,False,,7.524675155345404,15,False,,1.0255383755674317,0.7,False,,4.051651995775799,8,False,,11.36842227083467,10,False,,33.40679755221474,50,False,
98.12525822394198,110,False,,0.8963376129244323,0.6,False,,0.4494863697213679,1.0,False,,6.380287983422225,8,False,,68.31507925463755,120,False,,0.26006069610819726,0.5,False,,135.74308434645673,200,False,,0.8149273326285675,0.5,False,,938.7211309515613,1200,False,,29.551321528563868,40,False,,0.2637559058596868,0.7,False,,34.04514086401928,25,False,,8.169360824036078,3,False,,13.098285750832245,11.0,False,,44.19476550195277,30,False,,33.684219485462165,45,False,,18.890983639683327,20,False,,0.27539375118700515,0.5,False,,66.52170121439076,50,False,,42.778022330017244,30,False,,0.8765362349399628,0.6,False,,1.1580540686568375,0.7,False,,22.040648316351348,15,False,,78.70736606307212,100,False,,11.738312128778546,15,False,,0.9104653677636976,0.7,False,,5.463206292099123,8,False,,12.253165238037981,10,False,,32.04303653850884,50,False,
103.56240028570824,110,False,,0.8412780926936498,0.6,False,,0.2504433636070301,1.0,False,,4.197559056228328,8,False,,66.68545600700166,120,False,,0.17959623134892244,0.5,False,,152.12860455383793,200,False,,0.6296823574874112,0.5,False,,961.2298440064015,1200,False,,37.200586077247365,40,False,,0.18803301053738558,0.7,False,,36.87950481267855,25,False,,6.58628550309502,3,False,,12.420735213486514,11.0,False,,55.8857840442061,30,False,,28.593362214408934,45,False,,14.931395813103354,20,False,,0.21567534046838083,0.5,False,,51.68754005982163,50,False,,40.44790340627625,30,False,,0.7917241342388418,0.6,False,,0.8984905808172131,0.7,False,,23.577522537433925,15,False,,100.337277099165,100,True,Inspect radiator and cooling system.,11.774581674533485,15,False,,0.959189916083978,0.7,False,,3.6328621935397543,8,False,,12.820344012612455,10,False,,28.46095764430558,50,False,
89.27989878419666,110,False,,0.882206015999449,0.6,False,,0.8264822607863271,1.0,False,,5.448184963620833,8,False,,79.21250050065137,120,False,,0.09809377324110731,0.5,False,,144.9004556515829,200,False,,0.6965011509503037,0.5,False,,1028.5865390724905,1200,False,,26.61803848970365,40,False,,0.17053185242790941,0.7,False,,34.768545637021035,25,False,,7.888773938651299,3,False,,12.486347730245035,11.0,False,,66.69904504351406,30,False,,30.33495358612436,45,False,,12.002093303115267,20,False,,0.5170942717497814,0.5,True,Inspect catalytic converter and engine performance.,65.16273102170828,50,False,,39.01330789846337,30,False,,0.606118284172357,0.6,False,,0.9189142488789661,0.7,False,,14.664237247980449,15,True,Check water pump and coolant system.,79.64198536947703,100,False,,8.473427791642838,15,False,,0.9004184605209771,0.7,False,,5.8481742126666685,8,False,,11.966387435296287,10,False,,25.807071007763845,50,False,
100.03532897892023,110,False,,0.9896792982653948,0.6,False,,0.21397172440787343,1.0,False,,5.02518480156359,8,False,,81.36261565070957,120,False,,0.1495956844541298,0.5,False,,180.0798597716538,200,False,,0.877080063563551,0.5,False,,1033.4456789987025,1200,False,,39.004702164554075,40,False,,0.41608267873785193,0.7,False,,33.127818240104716,25,False,,7.09609235853521,3,False,,12.033366020463403,11.0,False,,53.94671529822981,30,False,,32.5796960885205,45,False,,13.485675236315348,20,False,,0.28241141875676634,0.5,False,,65.63352568413792,50,False,,39.24363358173244,30,False,,0.8365720837813696,0.6,False,,0.8742422141085384,0.7,False,,20.95895547775693,15,False,,67.92642042407053,100,False,,10.075875670895204,15,False,,1.0651136241823658,0.7,False,,3.767476685231491,8,False,,12.454740912141135,10,False,,25.566595388582712,50,False,
93.61636025047635,110,False,,0.775461188399713,0.6,False,,0.41199110266060324,1.0,False,,5.195352197097663,8,False,,62.04248278584209,120,False,,0.10646040394870722,0.5,False,,96.98060383213976,200,False,,0.6373032942212232,0.5,False,,1065.854427267283,1200,False,,29.799210246778284,40,False,,0.25322987986881085,0.7,False,,33.18950868333057,25,False,,7.264470057410233,3,False,,12.278358874404244,11.0,False,,38.04116937964815,30,False,,22.187270715567287,45,False,,17.521860079513658,20,False,,0.31232048067844853,0.5,False,,54.54516784892401,50,False,,39.0254585982366,30,False,,0.992274813609994,0.6,False,,0.9765980140893019,0.7,False,,18.487460506976987,15,False,,73.8347556005134,100,False,,11.366657985622139,15,False,,1.0858451116656664,0.7,False,,5.552299937679523,8,False,,11.483570356112429,10,False,,32.67408668172955,50,False,
83.54880245394875,110,False,,0.724626383564251,0.6,False,,0.5261481154572183,1.0,False,,3.4539804322890673,8,False,,61.3627263903298,120,False,,0.18242432579793458,0.5,False,,171.83013703844924,200,False,,0.8812448557996928,0.5,False,,1201.020453876635,1200,True,Inspect transmission for slippage.,22.84612448940976,40,False,,0.3346503881730716,0.7,False,,33.70683111756062,25,False,,9.236093175210437,3,False,,12.05759864298655,11.0,False,,54.446026682201406,30,False,,27.354736613268525,45,False,,16.640200704604137,20,False,,0.35514853760404674,0.5,False,,57.945928560227074,50,False,,45.66885048433532,30,False,,0.9426215402241592,0.6,False,,1.0466358374446334,0.7,False,,19.75543198069506,15,False,,97.35811620006939,100,False,,9.581372360841277,15,False,,0.9765379430042587,0.7,False,,5.625630933646001,8,False,,11.803533416571902,10,False,,36.14490251244531,50,False,
93.61395605508415,110,False,,0.7110485570374477,0.6,False,,0.7882546578132231,1.0,False,,5.049020348517885,8,False,,65.87422454272534,120,False,,0.20092091895947758,0.5,False,,174.9217038499526,200,False,,0.7707751935455475,0.5,False,,982.305277250595,1200,False,,30.640522074553946,40,False,,0.29530794211208156,0.7,False,,33.51785717957353,25,False,,9.091310120594269,3,False,,12.413526970038289,11.0,False,,61.966314866456514,30,False,,33.971323398109135,45,False,,14.283203702490917,20,False,,0.30436024463724537,0.5,False,,54.47147665757032,50,False,,42.96778361140431,30,False,,0.946539748459117,0.6,False,,1.0987334516589102,0.7,False,,21.04302945061501,15,False,,83.44101822063332,100,False,,12.145956095532023,15,False,,1.0038237994960029,0.7,False,,4.303228181570425,8,False,,11.79414056911966,10,False,,26.813461264856027,50,False,
105.38036566465969,110,False,,0.7184189715034562,0.6,False,,0.2128275697641121,1.0,False,,5.9959965824909,8,False,,35.471182528966224,120,False,,0.28382186561376416,0.5,False,,108.532195351837,200,False,,0.6437533224105731,0.5,False,,920.1702755461546,1200,False,,26.594741712625595,40,False,,0.3477040827223121,0.7,False,,32.56238284793875,25,False,,8.609138120907177,3,False,,13.35585424007117,11.0,False,,43.90217095680618,30,False,,23.728552884153753,45,False,,13.899526764555937,20,False,,0.4695051040430753,0.5,False,,58.92539484855632,50,False,,25.298056826678597,30,True,Check fuel pump and pressure regulator.,0.9736130721806218,0.6,False,,0.9924048976357477,0.7,False,,18.53831430765934,15,False,,79.51712703509399,100,False,,14.727744989238722,15,False,,0.8551408585366456,0.7,False,,5.582026567084727,8,False,,11.25342165345976,10,False,,32.29193351775742,50,False,
89.64173960890048,110,False,,0.7922898290585896,0.6,False,,0.732632750430992,1.0,False,,7.902287215590084,8,False,,47.27213406702172,120,False,,0.21634636868820814,0.5,False,,143.14624811839303,200,False,,0.763240773905552,0.5,False,,862.0680771985473,1200,False,,34.20321774494362,40,False,,0.3076821891060255,0.7,False,,32.20840220790375,25,False,,6.907687235327421,3,False,,11.814049428534322,11.0,False,,48.65982833327082,30,False,,31.467789660833148,45,False,,13.824725552868534,20,False,,0.2377350638265548,0.5,False,,58.45982857907129,50,False,,43.279503882648804,30,False,,0.8588657590961437,0.6,False,,0.9680152476745156,0.7,False,,17.972875762515166,15,False,,86.60018225852788,100,False,,8.428027934730036,15,False,,0.9700323351993213,0.7,False,,5.260442263333556,8,False,,11.823225836884218,10,False,,19.564864906989655,50,False,
105.64643655814007,110,False,,0.8341151974816644,0.6,False,,0.5020466122039174,1.0,False,,6.918541652170414,8,False,,90.50311401166786,120,False,,0.1890449735595568,0.5,False,,142.57118268008418,200,False,,0.797255444962673,0.5,False,,926.9069960058081,1200,False,,26.736880103488044,40,False,,0.17170077758114302,0.7,False,,31.874813744200956,25,False,,7.683591550305198,3,False,,11.69321930106163,11.0,False,,50.14688194729197,30,False,,23.217090976882975,45,False,,12.232769446504491,20,False,,0.3194607455237243,0.5,False,,63.8983026613467,50,False,,40.97368097359387,30,False,,0.8697315707405595,0.6,False,,1.015175799224874,0.7,False,,20.102457252464074,15,False,,90.01782736167544,100,False,,7.23791079369245,15,False,,0.9949795382958255,0.7,False,,4.461158143807261,8,False,,10.451381701136253,10,False,,27.076911346714002,50,False,
63.80254895910255,110,False,,0.827669079933002,0.6,False,,0.3036982697904098,1.0,False,,9.306364915023114,8,True,Replace brake pads.,94.67451570251926,120,False,,0.24147027905917448,0.5,False,,121.84976610564357,200,False,,0.7621809962217196,0.5,False,,996.6873027126203,1200,False,,27.769082833926102,40,False,,0.399626681944714,0.7,False,,30.492070822266648,25,False,,9.213097699979183,3,False,,13.235585163746805,11.0,False,,42.151016869177596,30,False,,32.33214991216763,45,False,,19.846127068408325,20,False,,0.22575294143019514,0.5,False,,66.55154373059804,50,False,,39.90645621777051,30,False,,0.788234810456565,0.6,False,,0.9164857098369977,0.7,False,,16.738262183411592,15,False,,96.1739881590246,100,False,,10.60763719120975,15,False,,1.2620793091029976,0.7,False,,3.9914453159237917,8,False,,11.508846252857895,10,False,,29.84470533564549,50,False,
98.21902504375224,110,False,,0.8827183249036025,0.6,False,,0.5924206948526541,1.0,False,,3.465304874223901,8,False,,66.26445940665432,120,False,,0.08944323454960575,0.5,False,,134.4436662481825,200,False,,0.5429775280109543,0.5,False,,1179.4557863517787,1200,False,,20.552296345272346,40,False,,0.2506243416838687,0.7,False,,31.43864984626645,25,False,,8.141716913639904,3,False,,12.395338161424068,11.0,False,,56.48280433843859,30,False,,29.821792588512583,45,False,,14.03303859236598,20,False,,0.1679977488779294,0.5,False,,66.97841905394978,50,False,,38.05740773455557,30,False,,0.818392714397295,0.6,False,,1.2089538721694773,0.7,False,,16.742524613344443,15,False,,99.48499229892926,100,False,,11.443125010252286,15,False,,0.8888032974225837,0.7,False,,3.037374308327421,8,False,,11.71512450663033,10,False,,25.45158291509083,50,False,
90.87047068238171,110,False,,0.8013001891877908,0.6,False,,0.539811939114694,1.0,False,,6.744641273441356,8,False,,78.6483544458365,120,False,,0.21178072790542832,0.5,False,,127.78848309068343,200,False,,0.627286282417513,0.5,False,,948.2388700963828,1200,False,,27.738468403754617,40,False,,0.14434181013402486,0.7,False,,28.61408637160923,25,False,,10.319329539981695,3,False,,12.165463630670041,11.0,False,,48.79051851392219,30,False,,21.924340920472453,45,False,,18.651475562476488,20,False,,0.23882309090947146,0.5,False,,57.189159867108486,50,False,,45.620563599930065,30,False,,0.9115771149771141,0.6,False,,0.8392338972881941,0.7,False,,22.03811984886951,15,False,,81.40231354210914,100,False,,9.538267252310462,15,False,,1.1464177238752438,0.7,False,,5.3496500472996935,8,False,,11.74382024750462,10,False,,25.31746812605202,50,False,
87.00992649534132,110,False,,0.9453534077157317,0.6,False,,0.3799566245682411,1.0,False,,5.366684011476703,8,False,,74.66875231815304,120,False,,0.23854325969434836,0.5,False,,185.04540886847246,200,False,,0.6752481364448495,0.5,False,,1022.3787951638899,1200,False,,17.88060336685522,40,False,,0.25718848390340876,0.7,False,,31.8033207464105,25,False,,8.393317839394372,3,False,,13.019952343698039,11.0,False,,54.195324439070276,30,False,,35.82369677228586,45,False,,19.563948155767356,20,False,,0.2962963202951588,0.5,False,,58.95389063127736,50,False,,44.73763231061429,30,False,,0.9703884437168816,0.6,False,,1.0184740578895723,0.7,False,,16.55361789452403,15,False,,71.73952313917962,100,False,,12.906521326642068,15,False,,1.0996858773465807,0.7,False,,3.4351972286379446,8,False,,11.75850255412922,10,False,,26.661102217655568,50,False,
90.91760776535503,110,False,,0.7735343166762044,0.6,False,,0.5139604169980038,1.0,False,,9.379605866435345,8,True,Replace brake pads.,116.18321212682856,120,False,,0.12607068771100793,0.5,False,,168.71356786294922,200,False,,0.6925566570899954,0.5,False,,998.3577103927248,1200,False,,22.080485882571384,40,False,,0.4500759790634311,0.7,False,,30.022817785698166,25,False,,8.19204911649003,3,False,,12.197192230131568,11.0,False,,41.125078221978995,30,False,,26.327042116009753,45,False,,17.994932694443882,20,False,,0.257069777548274,0.5,False,,51.58280903889525,50,False,,36.135611660881956,30,False,,0.8360553724319,0.6,False,,1.202360621922964,0.7,False,,21.998937502727635,15,False,,80.86534838876725,100,False,,7.322788400553502,15,False,,1.0280636404490135,0.7,False,,5.095344199441308,8,False,,11.938235800139871,10,False,,31.460963641631867,50,False,
70.12431085399108,110,False,,1.072016916658962,0.6,False,,0.42293728062764796,1.0,False,,3.383403429289697,8,False,,86.79362367151865,120,False,,0.2571877021603465,0.5,False,,175.43110189988317,200,False,,0.7620672097550678,0.5,False,,1118.8393273448085,1200,False,,33.80207328072149,40,False,,0.38502217421134927,0.7,False,,29.792821365568457,25,False,,7.690883535797498,3,False,,13.413004856773469,11.0,False,,45.62541699676589,30,False,,25.948737814928094,45,False,,13.705139061845856,20,False,,0.23075790201261437,0.5,False,,55.970649667519055,50,False,,42.03526143562267,30,False,,0.8049810735148588,0.6,False,,1.0006799844559997,0.7,False,,21.387773878561852,15,False,,87.60280506582886,100,False,,11.385837246063222,15,False,,1.1758620484195133,0.7,False,,4.736551783917751,8,False,,12.479441518086064,10,False,,29.063354907968126,50,False,
87.80328112162488,110,False,,0.8625667347765007,0.6,False,,0.5227034690502496,1.0,False,,3.3205563156384477,8,False,,68.0812361277885,120,False,,0.21692482037472072,0.5,False,,164.4334412808647,200,False,,0.7177701000933253,0.5,False,,1252.6932425873622,1200,True,Inspect transmission for slippage.,33.92900079325416,40,False,,0.2651347865592141,0.7,False,,32.35978830230696,25,False,,8.133540904782283,3,False,,12.838962935669635,11.0,False,,57.22381357827771,30,False,,31.002845986154714,45,False,,16.21119027100983,20,False,,0.1593682536328166,0.5,False,,64.8242581654873,50,False,,35.14171632729357,30,False,,0.8500527958856597,0.6,False,,0.9809960964998505,0.7,False,,14.82257981362821,15,True,Check water pump and coolant system.,75.3624107378939,100,False,,8.788278358482213,15,False,,1.0372105472606863,0.7,False,,5.679142775438195,8,False,,12.874517074132523,10,False,,18.80884383337514,50,False,
93.57112571511746,110,False,,0.7142842443583718,0.6,False,,0.6324261349042093,1.0,False,,3.8012147091119557,8,False,,55.666893390993614,120,False,,0.17923560430495994,0.5,False,,127.41896457565542,200,False,,0.5664655641289899,0.5,False,,946.9131227079679,1200,False,,32.12728780892483,40,False,,0.2650742295681571,0.7,False,,34.7840045726892,25,False,,7.8475301636194565,3,False,,12.256044295927149,11.0,False,,46.27166847908233,30,False,,35.743186747143575,45,False,,14.927413180827251,20,False,,0.2916894427371305,0.5,False,,68.07791411774116,50,False,,33.101909176055344,30,False,,0.9101206748929115,0.6,False,,0.9642554577189573,0.7,False,,17.967306042993034,15,False,,75.42849085104957,100,False,,13.438755812414593,15,False,,1.038915919566793,0.7,False,,4.697954500510136,8,False,,11.350234773151733,10,False,,19.396499236824667,50,False,
104.77894044741517,110,False,,0.6929107501938888,0.6,False,,0.8172033632290705,1.0,False,,0.7522085513803862,8,False,,45.903305196136415,120,False,,0.23163909330531426,0.5,False,,139.50959467440452,200,False,,0.7380197851005963,0.5,False,,951.0560557481778,1200,False,,25.165119284353935,40,False,,0.2678364948782617,0.7,False,,33.83663321200463,25,False,,8.70810867668859,3,False,,13.57865410663275,11.0,False,,67.26963851233405,30,False,,24.920890905108017,45,False,,12.288894417809615,20,False,,0.14952796259689977,0.5,False,,53.82825564060039,50,False,,36.86641387705018,30,False,,0.7056145183866458,0.6,False,,0.9819608318237593,0.7,False,,23.58232820914212,15,False,,88.43787881549885,100,False,,13.985030706336236,15,False,,0.9946879346982455,0.7,False,,4.6705522136529085,8,False,,10.796799144610855,10,False,,26.965674110714122,50,False,
84.81729781726352,110,False,,0.8482472415243185,0.6,False,,0.25243690023463017,1.0,False,,3.948489956638478,8,False,,73.05195453800835,120,False,,0.3135346428902198,0.5,False,,159.78749122455835,200,False,,0.7610585745283822,0.5,False,,1104.416087706907,1200,False,,29.7614432192901,40,False,,0.5076747983560841,0.7,False,,28.858998792753646,25,False,,8.956702316794583,3,False,,12.197142538498332,11.0,False,,46.003638143853976,30,False,,30.30839924923986,45,False,,15.97307784516481,20,False,,0.37600559636896025,0.5,False,,57.03767870423553,50,False,,44.311967361913794,30,False,,0.6203819046862762,0.6,False,,1.1372848474676531,0.7,False,,17.056503406580955,15,False,,84.5134764842955,100,False,,8.466686824433305,15,False,,1.1223568882418626,0.7,False,,5.731870704288296,8,False,,10.957955587756897,10,False,,32.28843293026776,50,False,
81.91506397106812,110,False,,0.777653721467415,0.6,False,,0.9266066749312534,1.0,False,,3.481734676892604,8,False,,58.654738820735446,120,False,,0.20909331275292478,0.5,False,,125.55744382216109,200,False,,0.755979044793104,0.5,False,,1068.1891489626312,1200,False,,29.981987304547157,40,False,,0.3381935452231553,0.7,False,,30.020743726859326,25,False,,7.21401053949205,3,False,,12.871047686004653,11.0,False,,52.24684725751886,30,False,,32.14408250165287,45,False,,11.462880626520592,20,False,,0.3082439752934503,0.5,False,,59.867971215205365,50,False,,44.76562522688043,30,False,,0.7949463150508416,0.6,False,,0.7788138088670493,0.7,False,,18.606787213071836,15,False,,85.32796995411587,100,False,,8.900885728182839,15,False,,1.1096469233810884,0.7,False,,5.335058029084117,8,False,,11.512797078805074,10,False,,16.262475786373827,50,False,
84.98242956415463,110,False,,0.8714000494092092,0.6,False,,0.10958244009549961,1.0,False,,5.300787572952415,8,False,,48.666194356034886,120,False,,0.21241102931501682,0.5,False,,164.25996860344776,200,False,,0.8080780725554622,0.5,False,,1184.6707325736033,1200,False,,24.208176554037287,40,False,,0.34300416471910694,0.7,False,,33.88154237597643,25,False,,6.6687670464422215,3,False,,12.649646290203245,11.0,False,,59.325908318730896,30,False,,33.46552803631572,45,False,,18.56303816538469,20,False,,0.15424485005350694,0.5,False,,61.400805794098034,50,False,,42.56542710048647,30,False,,0.7279287574085841,0.6,False,,1.1533433701296325,0.7,False,,21.386182679755688,15,False,,77.41504665299931,100,False,,11.719175773959604,15,False,,0.9374322712503788,0.7,False,,5.316155957182779,8,False,,11.64807868218349,10,False,,27.501349119241848,50,False,
99.15402117702074,110,False,,0.8473237624573545,0.6,False,,0.4696429809928833,1.0,False,,5.683511951554319,8,False,,60.301406736362104,120,False,,0.1770319550229878,0.5,False,,145.1934920368373,200,False,,0.7833922154548904,0.5,False,,1058.3928185325965,1200,False,,37.51699150883575,40,False,,0.4030283454031842,0.7,False,,30.03502521292338,25,False,,6.163794626896704,3,False,,13.150870644699399,11.0,False,,35.816342670669684,30,False,,30.882207776386124,45,False,,13.60614810810482,20,False,,0.26907909229501364,0.5,False,,55.95198240039177,50,False,,43.625478934239986,30,False,,0.7991859802352689,0.6,False,,0.8576042847549855,0.7,False,,22.350171527847785,15,False,,82.69599285794233,100,False,,9.22573870042097,15,False,,0.8680752805401233,0.7,False,,5.469267589808526,8,False,,11.230003933802543,10,False,,27.368760717412894,50,False,
93.28751109659684,110,False,,0.7927171087343128,0.6,False,,0.6176634412969153,1.0,False,,8.752341678431772,8,True,Replace brake pads.,53.77677994578407,120,False,,0.15750778152676043,0.5,False,,142.50358384900804,200,False,,0.7459180079228436,0.5,False,,964.070790921294,1200,False,,34.386811452878355,40,False,,0.32387891590265133,0.7,False,,31.55073370000595,25,False,,8.507991326912544,3,False,,13.280755598363426,11.0,False,,32.39191188019224,30,False,,28.164860804583387,45,False,,15.603478967618518,20,False,,0.22478435944094166,0.5,False,,62.12030522232045,50,False,,42.58089143557479,30,False,,0.8352219681182528,0.6,False,,0.9733347670765585,0.7,False,,19.245383341866514,15,False,,75.75766855731696,100,False,,9.909177564135524,15,False,,0.9797019362604343,0.7,False,,3.464427876792894,8,False,,10.703883335750106,10,False,,36.94168889104224,50,False,
84.70239796232961,110,False,,0.7153206281931596,0.6,False,,0.5561983735470065,1.0,False,,6.9008476763721,8,False,,95.30712452608847,120,False,,0.24151679082721228,0.5,False,,164.21919936406982,200,False,,0.6929834288541352,0.5,False,,1059.0654830692308,1200,False,,28.89517913085168,40,False,,0.27409578541792967,0.7,False,,33.1001041980491,25,False,,6.896633393826127,3,False,,12.516002074532883,11.0,False,,34.74343685429905,30,False,,25.862048896756402,45,False,,15.849863614638426,20,False,,0.33191745104191805,0.5,False,,57.63080326464542,50,False,,36.79259202388524,30,False,,0.8046751590976986,0.6,False,,0.9570755579701338,0.7,False,,18.207469415925075,15,False,,93.90198411124787,100,False,,10.05077684108482,15,False,,0.9199961435602353,0.7,False,,5.756788679986982,8,False,,11.543879172525811,10,False,,28.074890941435683,50,False,
95.13267433113356,110,False,,0.6485152775314136,0.6,False,,0.37546009603588126,1.0,False,,3.8461926886751936,8,False,,83.22459635424175,120,False,,0.15719580870455666,0.5,False,,158.8852662297208,200,False,,0.5339039066484008,0.5,False,,1110.8703580582908,1200,False,,30.134429194972654,40,False,,0.28036501509150213,0.7,False,,30.06331109027273,25,False,,5.847109407047517,3,False,,12.123291064826908,11.0,False,,62.62584103427182,30,False,,30.430719415231874,45,False,,14.223285078887768,20,False,,0.4340450446023144,0.5,False,,59.927738645608606,50,False,,42.159612723369705,30,False,,0.9952467534470746,0.6,False,,1.058855326977072,0.7,False,,24.267109585095522,15,False,,95.35249334723753,100,False,,6.160653687604688,15,False,,0.9936475425384645,0.7,False,,5.612468794013602,8,False,,12.181426620113971,10,False,,31.914944923704642,50,False,
90.9707754934804,110,False,,0.755348504793298,0.6,False,,0.45837554992854496,1.0,False,,3.203170657303284,8,False,,69.88041038025074,120,False,,0.20357831186096964,0.5,False,,142.7806766836184,200,False,,0.7429618219132585,0.5,False,,1082.0482181197365,1200,False,,31.04191403973776,40,False,,0.2928398740585936,0.7,False,,32.21075101229192,25,False,,8.388578604530965,3,False,,12.729986071469558,11.0,False,,44.481418541075534,30,False,,24.639304940071966,45,False,,16.760081404425826,20,False,,0.11248275303542551,0.5,False,,62.7314212400185,50,False,,44.00204762613841,30,False,,0.882674476460232,0.6,False,,0.8401875648116253,0.7,False,,25.216698991392736,15,False,,66.53812137761906,100,False,,9.972324507811525,15,False,,1.123743813468414,0.7,False,,3.9833168714235025,8,False,,12.595029465835564,10,False,,30.706285700437316,50,False,
99.68644990532889,110,False,,0.8856398794323472,0.6,False,,0.4013998130682334,1.0,False,,5.983838343013011,8,False,,92.19916208335039,120,False,,0.17611712766174417,0.5,False,,173.18659606728497,200,False,,0.7207687687163111,0.5,False,,1050.7274031107297,1200,False,,19.791325657878545,40,False,,0.2962777763490158,0.7,False,,29.33194901016359,25,False,,10.492999517432791,3,False,,12.161142315123946,11.0,False,,75.58199285668252,30,False,,15.393247582526964,45,False,,13.575289030132426,20,False,,0.3115026079147417,0.5,False,,60.03211134905469,50,False,,43.77145664906787,30,False,,0.8800474359610828,0.6,False,,1.0462172666081944,0.7,False,,22.936574152345386,15,False,,75.7048913980759,100,False,,8.620544451871652,15,False,,0.954269834491321,0.7,False,,4.7559195263257985,8,False,,11.442576946891679,10,False,,19.347167600964,50,False,
82.97946906122648,110,False,,0.8214093744130204,0.6,False,,0.3821270486111577,1.0,False,,2.3595335859587157,8,False,,71.16052461471428,120,False,,0.2239489912873196,0.5,False,,128.37873344800204,200,False,,0.7271578837195373,0.5,False,,1106.6674689589154,1200,False,,28.764113087397014,40,False,,0.372762954363698,0.7,False,,30.797264712097572,25,False,,7.993929088460106,3,False,,13.506693623763312,11.0,False,,44.357524013426115,30,False,,32.18279902078834,45,False,,17.613891892371733,20,False,,0.28398672044333595,0.5,False,,57.81807054736716,50,False,,45.94456685737322,30,False,,0.9122207144043402,0.6,False,,1.2024309623286853,0.7,False,,20.255954427695073,15,False,,70.03470744909922,100,False,,9.013754355200456,15,False,,0.9957176618688425,0.7,False,,4.960692712372369,8,False,,11.587002177856565,10,False,,33.841036083158684,50,False,
86.72337853402232,110,False,,0.6754261221288013,0.6,False,,0.669920419404205,1.0,False,,8.662917531708707,8,True,Replace brake pads.,57.08073698007605,120,False,,0.21668310526434742,0.5,False,,162.31871213888527,200,False,,0.572325142417969,0.5,False,,1116.9295590445672,1200,False,,26.590078760011007,40,False,,0.30519458858072995,0.7,False,,32.63956386828507,25,False,,8.838490774451643,3,False,,12.568267665541368,11.0,False,,51.84551303197037,30,False,,34.519674205430974,45,False,,10.962060959259755,20,False,,0.36713400764504656,0.5,False,,59.451950980370846,50,False,,43.54151923600532,30,False,,0.736116688221923,0.6,False,,0.8636825995407189,0.7,False,,17.57520283507722,15,False,,78.49976065593101,100,False,,12.887264006937627,15,False,,1.0058022734808396,0.7,False,,4.865503215598268,8,False,,11.07330169115269,10,False,,31.07698252728144,50,False,
86.07891846867842,110,False,,0.8173180925851182,0.6,False,,0.5714030971930095,1.0,False,,7.358880241442574,8,False,,92.84686115904486,120,False,,0.25187699721289497,0.5,False,,161.86202515936768,200,False,,0.5918943459591737,0.5,False,,1138.2158991037527,1200,False,,24.991899950525422,40,False,,0.37326400772155793,0.7,False,,28.814012532936662,25,False,,8.081829358547566,3,False,,12.317339224343945,11.0,False,,65.42109952567876,30,False,,18.18533782229081,45,False,,15.379138738639236,20,False,,0.3213196628237689,0.5,False,,59.55818520397332,50,False,,41.757241037707914,30,False,,0.9539111787420269,0.6,False,,1.0189706167610395,0.7,False,,17.508666780330305,15,False,,84.16562030209639,100,False,,7.486986211441487,15,False,,1.0848430882205284,0.7,False,,5.333859966568535,8,False,,11.968560829625224,10,False,,32.54134319837295,50,False,
75.36485051867882,110,False,,0.8385317379728837,0.6,False,,0.36141808094786915,1.0,False,,4.06164869579059,8,False,,78.08365065526988,120,False,,0.17449918005726267,0.5,False,,143.8090712137202,200,False,,0.8053152853332903,0.5,False,,1064.8709887589644,1200,False,,28.594498535570224,40,False,,0.29192834198914175,0.7,False,,32.8809494759208,25,False,,7.901110346808857,3,False,,12.592340152932454,11.0,False,,70.06092888159122,30,False,,24.95134647645031,45,False,,20.816786997174855,20,True,Check for exhaust blockages and leaks.,0.22480306682611806,0.5,False,,58.149944850589364,50,False,,45.350751191582134,30,False,,0.842423571346454,0.6,False,,0.933801782220339,0.7,False,,21.567542315797272,15,False,,70.5035478030147,100,False,,11.626410373495954,15,False,,0.7753110666015395,0.7,False,,6.4313667818311835,8,False,,11.151571365809186,10,False,,49.63118853218163,50,False,
92.96120277064576,110,False,,0.7116142563798867,0.6,False,,0.6799199750866501,1.0,False,,1.573730941818245,8,False,,54.441307685103155,120,False,,0.18650625323533146,0.5,False,,156.52266044484236,200,False,,0.6960444846143344,0.5,False,,983.2881919683145,1200,False,,38.988432634247616,40,False,,0.307863519031609,0.7,False,,31.96072440214664,25,False,,8.91907648298777,3,False,,11.826436855235151,11.0,False,,70.61503576636397,30,False,,33.09577130502599,45,False,,11.999006026183276,20,False,,0.26809460643333816,0.5,False,,58.70601968666449,50,False,,39.8673937037547,30,False,,0.9170480617241212,0.6,False,,1.0425887206193036,0.7,False,,21.25519466266605,15,False,,75.78140186874687,100,False,,9.442074139336382,15,False,,0.9393299705234703,0.7,False,,6.081766727672829,8,False,,12.5731278132412,10,False,,19.579435302507058,50,False,
92.6105527217989,110,False,,0.8153725105945528,0.6,False,,0.5614599041753219,1.0,False,,7.707744748330826,8,False,,67.14491982874588,120,False,,0.15106181421088463,0.5,False,,124.97772847229393,200,False,,0.7681500697372624,0.5,False,,1014.6713686433322,1200,False,,33.20421430633505,40,False,,0.10017993154678922,0.7,False,,33.104979908834295,25,False,,7.709725455811348,3,False,,12.014192980744674,11.0,False,,62.083662305931426,30,False,,40.2874773485585,45,False,,12.966765088425445,20,False,,0.2203974143196511,0.5,False,,67.99323585252358,50,False,,35.590626743861414,30,False,,0.7428142766959844,0.6,False,,1.0019147777415751,0.7,False,,24.204795778839287,15,False,,74.96042627918501,100,False,,9.44047966300833,15,False,,1.0211283692279474,0.7,False,,3.6877808065685937,8,False,,10.214133508065888,10,False,,38.62348324880554,50,False,
90.05113456642461,110,False,,0.8058208718446,0.6,False,,0.662572423767792,1.0,False,,4.770920309494764,8,False,,56.86572619922865,120,False,,0.17778533699619442,0.5,False,,168.480540384138,200,False,,0.702831837613046,0.5,False,,1120.6508966508356,1200,False,,27.144105051086015,40,False,,0.3916327674702481,0.7,False,,32.44782826812932,25,False,,8.267392314071904,3,False,,13.100206953972213,11.0,False,,60.240625258114626,30,False,,30.10396853837704,45,False,,16.541723548976744,20,False,,0.40760071385985985,0.5,False,,62.8045972397062,50,False,,39.18466518028118,30,False,,0.6946241233983935,0.6,False,,0.935851309095569,0.7,False,,21.951350277608416,15,False,,87.07267329398944,100,False,,11.580743792103423,15,False,,1.1200078956426862,0.7,False,,5.6220699903060485,8,False,,11.640370327547538,10,False,,28.56276240299822,50,False,
87.65412866624852,110,False,,0.6857029702169377,0.6,False,,0.6259257683847225,1.0,False,,7.4756326239469235,8,False,,49.25800403553496,120,False,,0.2188650246522426,0.5,False,,146.30195727114022,200,False,,0.7029756139495745,0.5,False,,918.3064329012764,1200,False,,32.86291390678079,40,False,,0.33464884758979924,0.7,False,,34.72828085994769,25,False,,8.321697806196013,3,False,,12.171552860514302,11.0,False,,55.92526949201183,30,False,,26.35998529385433,45,False,,15.538745345818795,20,False,,0.3021311648671942,0.5,False,,58.5225984098542,50,False,,36.27548677596776,30,False,,0.9317889658025028,0.6,False,,1.0487872284871074,0.7,False,,15.490759094720545,15,False,,85.6934433703625,100,False,,10.68010258913778,15,False,,0.9508097552493795,0.7,False,,6.32893331953541,8,False,,12.301107339191741,10,False,,31.436644522015047,50,False,
